
         /\      Grafana   /‾‾/  
    /\  /  \     |\  __   /  /   
   /  \/    \    | |/ /  /   ‾‾\ 
  /          \   |   (  |  (‾)  |
 / __________ \  |_|\_\  \_____/ 


     execution: local
        script: scripts/load/k6_lms_student_journey.js
        output: -

     scenarios: (100.00%) 1 scenario, 200 max VUs, 28m30s max duration (incl. graceful stop):
              * students: Up to 200 looping VUs for 28m0s over 5 stages (gracefulRampDown: 30s, gracefulStop: 30s)


running (00m01.0s), 001/200 VUs, 0 complete and 0 interrupted iterations
students   [   0% ] 001/200 VUs  00m01.0s/28m00.0s

running (00m02.0s), 002/200 VUs, 0 complete and 0 interrupted iterations
students   [   0% ] 002/200 VUs  00m02.0s/28m00.0s

running (00m03.0s), 003/200 VUs, 0 complete and 0 interrupted iterations
students   [   0% ] 003/200 VUs  00m03.0s/28m00.0s

running (00m04.0s), 005/200 VUs, 0 complete and 0 interrupted iterations
students   [   0% ] 005/200 VUs  00m04.0s/28m00.0s

running (00m05.0s), 006/200 VUs, 0 complete and 0 interrupted iterations
students   [   0% ] 006/200 VUs  00m05.0s/28m00.0s

running (00m06.0s), 007/200 VUs, 0 complete and 0 interrupted iterations
students   [   0% ] 007/200 VUs  00m06.0s/28m00.0s

running (00m07.0s), 009/200 VUs, 0 complete and 0 interrupted iterations
students   [   0% ] 009/200 VUs  00m07.0s/28m00.0s

running (00m08.0s), 010/200 VUs, 0 complete and 0 interrupted iterations
students   [   0% ] 010/200 VUs  00m08.0s/28m00.0s

running (00m09.0s), 011/200 VUs, 0 complete and 0 interrupted iterations
students   [   1% ] 011/200 VUs  00m09.0s/28m00.0s

running (00m10.0s), 013/200 VUs, 0 complete and 0 interrupted iterations
students   [   1% ] 013/200 VUs  00m10.0s/28m00.0s

running (00m11.0s), 014/200 VUs, 0 complete and 0 interrupted iterations
students   [   1% ] 014/200 VUs  00m11.0s/28m00.0s

running (00m12.0s), 015/200 VUs, 0 complete and 0 interrupted iterations
students   [   1% ] 015/200 VUs  00m12.0s/28m00.0s

running (00m13.0s), 017/200 VUs, 0 complete and 0 interrupted iterations
students   [   1% ] 017/200 VUs  00m13.0s/28m00.0s

running (00m14.0s), 018/200 VUs, 0 complete and 0 interrupted iterations
students   [   1% ] 018/200 VUs  00m14.0s/28m00.0s

running (00m15.0s), 019/200 VUs, 0 complete and 0 interrupted iterations
students   [   1% ] 019/200 VUs  00m15.0s/28m00.0s

running (00m16.0s), 020/200 VUs, 0 complete and 0 interrupted iterations
students   [   1% ] 020/200 VUs  00m16.0s/28m00.0s

running (00m17.0s), 020/200 VUs, 0 complete and 0 interrupted iterations
students   [   1% ] 020/200 VUs  00m17.0s/28m00.0s

running (00m18.0s), 020/200 VUs, 0 complete and 0 interrupted iterations
students   [   1% ] 020/200 VUs  00m18.0s/28m00.0s

running (00m19.0s), 020/200 VUs, 0 complete and 0 interrupted iterations
students   [   1% ] 020/200 VUs  00m19.0s/28m00.0s

running (00m20.0s), 020/200 VUs, 0 complete and 0 interrupted iterations
students   [   1% ] 020/200 VUs  00m20.0s/28m00.0s

running (00m21.0s), 020/200 VUs, 0 complete and 0 interrupted iterations
students   [   1% ] 020/200 VUs  00m21.0s/28m00.0s

running (00m22.0s), 020/200 VUs, 0 complete and 0 interrupted iterations
students   [   1% ] 020/200 VUs  00m22.0s/28m00.0s

running (00m23.0s), 020/200 VUs, 0 complete and 0 interrupted iterations
students   [   1% ] 020/200 VUs  00m23.0s/28m00.0s

running (00m24.0s), 020/200 VUs, 0 complete and 0 interrupted iterations
students   [   1% ] 020/200 VUs  00m24.0s/28m00.0s

running (00m25.0s), 020/200 VUs, 0 complete and 0 interrupted iterations
students   [   1% ] 020/200 VUs  00m25.0s/28m00.0s

running (00m26.0s), 020/200 VUs, 0 complete and 0 interrupted iterations
students   [   2% ] 020/200 VUs  00m26.0s/28m00.0s

running (00m27.0s), 020/200 VUs, 0 complete and 0 interrupted iterations
students   [   2% ] 020/200 VUs  00m27.0s/28m00.0s

running (00m28.0s), 020/200 VUs, 0 complete and 0 interrupted iterations
students   [   2% ] 020/200 VUs  00m28.0s/28m00.0s

running (00m29.0s), 020/200 VUs, 0 complete and 0 interrupted iterations
students   [   2% ] 020/200 VUs  00m29.0s/28m00.0s

running (00m30.0s), 020/200 VUs, 0 complete and 0 interrupted iterations
students   [   2% ] 020/200 VUs  00m30.0s/28m00.0s

running (00m31.0s), 020/200 VUs, 0 complete and 0 interrupted iterations
students   [   2% ] 020/200 VUs  00m31.0s/28m00.0s

running (00m32.0s), 020/200 VUs, 0 complete and 0 interrupted iterations
students   [   2% ] 020/200 VUs  00m32.0s/28m00.0s

running (00m33.0s), 020/200 VUs, 0 complete and 0 interrupted iterations
students   [   2% ] 020/200 VUs  00m33.0s/28m00.0s

running (00m34.0s), 020/200 VUs, 0 complete and 0 interrupted iterations
students   [   2% ] 020/200 VUs  00m34.0s/28m00.0s

running (00m35.0s), 020/200 VUs, 0 complete and 0 interrupted iterations
students   [   2% ] 020/200 VUs  00m35.0s/28m00.0s

running (00m36.0s), 020/200 VUs, 0 complete and 0 interrupted iterations
students   [   2% ] 020/200 VUs  00m36.0s/28m00.0s

running (00m37.0s), 020/200 VUs, 0 complete and 0 interrupted iterations
students   [   2% ] 020/200 VUs  00m37.0s/28m00.0s

running (00m38.0s), 020/200 VUs, 0 complete and 0 interrupted iterations
students   [   2% ] 020/200 VUs  00m38.0s/28m00.0s

running (00m39.0s), 020/200 VUs, 0 complete and 0 interrupted iterations
students   [   2% ] 020/200 VUs  00m39.0s/28m00.0s

running (00m40.0s), 020/200 VUs, 0 complete and 0 interrupted iterations
students   [   2% ] 020/200 VUs  00m40.0s/28m00.0s

running (00m41.0s), 020/200 VUs, 0 complete and 0 interrupted iterations
students   [   2% ] 020/200 VUs  00m41.0s/28m00.0s

running (00m42.0s), 020/200 VUs, 0 complete and 0 interrupted iterations
students   [   2% ] 020/200 VUs  00m42.0s/28m00.0s

running (00m43.0s), 020/200 VUs, 0 complete and 0 interrupted iterations
students   [   3% ] 020/200 VUs  00m43.0s/28m00.0s

running (00m44.0s), 020/200 VUs, 0 complete and 0 interrupted iterations
students   [   3% ] 020/200 VUs  00m44.0s/28m00.0s

running (00m45.0s), 020/200 VUs, 0 complete and 0 interrupted iterations
students   [   3% ] 020/200 VUs  00m45.0s/28m00.0s

running (00m46.0s), 020/200 VUs, 0 complete and 0 interrupted iterations
students   [   3% ] 020/200 VUs  00m46.0s/28m00.0s

running (00m47.0s), 020/200 VUs, 0 complete and 0 interrupted iterations
students   [   3% ] 020/200 VUs  00m47.0s/28m00.0s

running (00m48.0s), 020/200 VUs, 0 complete and 0 interrupted iterations
students   [   3% ] 020/200 VUs  00m48.0s/28m00.0s

running (00m49.0s), 020/200 VUs, 0 complete and 0 interrupted iterations
students   [   3% ] 020/200 VUs  00m49.0s/28m00.0s

running (00m50.0s), 020/200 VUs, 0 complete and 0 interrupted iterations
students   [   3% ] 020/200 VUs  00m50.0s/28m00.0s

running (00m51.0s), 020/200 VUs, 0 complete and 0 interrupted iterations
students   [   3% ] 020/200 VUs  00m51.0s/28m00.0s

running (00m52.0s), 020/200 VUs, 0 complete and 0 interrupted iterations
students   [   3% ] 020/200 VUs  00m52.0s/28m00.0s

running (00m53.0s), 020/200 VUs, 0 complete and 0 interrupted iterations
students   [   3% ] 020/200 VUs  00m53.0s/28m00.0s

running (00m54.0s), 020/200 VUs, 0 complete and 0 interrupted iterations
students   [   3% ] 020/200 VUs  00m54.0s/28m00.0s

running (00m55.0s), 020/200 VUs, 0 complete and 0 interrupted iterations
students   [   3% ] 020/200 VUs  00m55.0s/28m00.0s

running (00m56.0s), 020/200 VUs, 0 complete and 0 interrupted iterations
students   [   3% ] 020/200 VUs  00m56.0s/28m00.0s

running (00m57.0s), 020/200 VUs, 0 complete and 0 interrupted iterations
students   [   3% ] 020/200 VUs  00m57.0s/28m00.0s

running (00m58.0s), 020/200 VUs, 0 complete and 0 interrupted iterations
students   [   3% ] 020/200 VUs  00m58.0s/28m00.0s

running (00m59.0s), 020/200 VUs, 0 complete and 0 interrupted iterations
students   [   4% ] 020/200 VUs  00m59.0s/28m00.0s

running (01m00.0s), 020/200 VUs, 0 complete and 0 interrupted iterations
students   [   4% ] 020/200 VUs  01m00.0s/28m00.0s

running (01m01.0s), 020/200 VUs, 0 complete and 0 interrupted iterations
students   [   4% ] 020/200 VUs  01m01.0s/28m00.0s

running (01m02.0s), 020/200 VUs, 0 complete and 0 interrupted iterations
students   [   4% ] 020/200 VUs  01m02.0s/28m00.0s

running (01m03.0s), 020/200 VUs, 0 complete and 0 interrupted iterations
students   [   4% ] 020/200 VUs  01m03.0s/28m00.0s

running (01m04.0s), 020/200 VUs, 0 complete and 0 interrupted iterations
students   [   4% ] 020/200 VUs  01m04.0s/28m00.0s

running (01m05.0s), 020/200 VUs, 0 complete and 0 interrupted iterations
students   [   4% ] 020/200 VUs  01m05.0s/28m00.0s

running (01m06.0s), 020/200 VUs, 0 complete and 0 interrupted iterations
students   [   4% ] 020/200 VUs  01m06.0s/28m00.0s

running (01m07.0s), 020/200 VUs, 0 complete and 0 interrupted iterations
students   [   4% ] 020/200 VUs  01m07.0s/28m00.0s

running (01m08.0s), 020/200 VUs, 0 complete and 0 interrupted iterations
students   [   4% ] 020/200 VUs  01m08.0s/28m00.0s

running (01m09.0s), 020/200 VUs, 0 complete and 0 interrupted iterations
students   [   4% ] 020/200 VUs  01m09.0s/28m00.0s

running (01m10.0s), 020/200 VUs, 0 complete and 0 interrupted iterations
students   [   4% ] 020/200 VUs  01m10.0s/28m00.0s

running (01m11.0s), 020/200 VUs, 0 complete and 0 interrupted iterations
students   [   4% ] 020/200 VUs  01m11.0s/28m00.0s

running (01m12.0s), 020/200 VUs, 0 complete and 0 interrupted iterations
students   [   4% ] 020/200 VUs  01m12.0s/28m00.0s

running (01m13.0s), 020/200 VUs, 0 complete and 0 interrupted iterations
students   [   4% ] 020/200 VUs  01m13.0s/28m00.0s

running (01m14.0s), 020/200 VUs, 0 complete and 0 interrupted iterations
students   [   4% ] 020/200 VUs  01m14.0s/28m00.0s

running (01m15.0s), 020/200 VUs, 0 complete and 0 interrupted iterations
students   [   4% ] 020/200 VUs  01m15.0s/28m00.0s

running (01m16.0s), 020/200 VUs, 0 complete and 0 interrupted iterations
students   [   5% ] 020/200 VUs  01m16.0s/28m00.0s

running (01m17.0s), 020/200 VUs, 0 complete and 0 interrupted iterations
students   [   5% ] 020/200 VUs  01m17.0s/28m00.0s

running (01m18.0s), 020/200 VUs, 0 complete and 0 interrupted iterations
students   [   5% ] 020/200 VUs  01m18.0s/28m00.0s

running (01m19.0s), 020/200 VUs, 0 complete and 0 interrupted iterations
students   [   5% ] 020/200 VUs  01m19.0s/28m00.0s

running (01m20.0s), 020/200 VUs, 0 complete and 0 interrupted iterations
students   [   5% ] 020/200 VUs  01m20.0s/28m00.0s

running (01m21.0s), 020/200 VUs, 0 complete and 0 interrupted iterations
students   [   5% ] 020/200 VUs  01m21.0s/28m00.0s

running (01m22.0s), 020/200 VUs, 0 complete and 0 interrupted iterations
students   [   5% ] 020/200 VUs  01m22.0s/28m00.0s

running (01m23.0s), 020/200 VUs, 0 complete and 0 interrupted iterations
students   [   5% ] 020/200 VUs  01m23.0s/28m00.0s

running (01m24.0s), 020/200 VUs, 0 complete and 0 interrupted iterations
students   [   5% ] 020/200 VUs  01m24.0s/28m00.0s

running (01m25.0s), 020/200 VUs, 0 complete and 0 interrupted iterations
students   [   5% ] 020/200 VUs  01m25.0s/28m00.0s

running (01m26.0s), 020/200 VUs, 0 complete and 0 interrupted iterations
students   [   5% ] 020/200 VUs  01m26.0s/28m00.0s

running (01m27.0s), 020/200 VUs, 0 complete and 0 interrupted iterations
students   [   5% ] 020/200 VUs  01m27.0s/28m00.0s

running (01m28.0s), 020/200 VUs, 0 complete and 0 interrupted iterations
students   [   5% ] 020/200 VUs  01m28.0s/28m00.0s

running (01m29.0s), 020/200 VUs, 0 complete and 0 interrupted iterations
students   [   5% ] 020/200 VUs  01m29.0s/28m00.0s

running (01m30.0s), 020/200 VUs, 0 complete and 0 interrupted iterations
students   [   5% ] 020/200 VUs  01m30.0s/28m00.0s

running (01m31.0s), 020/200 VUs, 0 complete and 0 interrupted iterations
students   [   5% ] 020/200 VUs  01m31.0s/28m00.0s

running (01m32.0s), 020/200 VUs, 0 complete and 0 interrupted iterations
students   [   5% ] 020/200 VUs  01m32.0s/28m00.0s

running (01m33.0s), 020/200 VUs, 0 complete and 0 interrupted iterations
students   [   6% ] 020/200 VUs  01m33.0s/28m00.0s

running (01m34.0s), 020/200 VUs, 0 complete and 0 interrupted iterations
students   [   6% ] 020/200 VUs  01m34.0s/28m00.0s

running (01m35.0s), 020/200 VUs, 0 complete and 0 interrupted iterations
students   [   6% ] 020/200 VUs  01m35.0s/28m00.0s

running (01m36.0s), 020/200 VUs, 0 complete and 0 interrupted iterations
students   [   6% ] 020/200 VUs  01m36.0s/28m00.0s

running (01m37.0s), 020/200 VUs, 0 complete and 0 interrupted iterations
students   [   6% ] 020/200 VUs  01m37.0s/28m00.0s

running (01m38.0s), 020/200 VUs, 0 complete and 0 interrupted iterations
students   [   6% ] 020/200 VUs  01m38.0s/28m00.0s

running (01m39.0s), 020/200 VUs, 0 complete and 0 interrupted iterations
students   [   6% ] 020/200 VUs  01m39.0s/28m00.0s

running (01m40.0s), 020/200 VUs, 0 complete and 0 interrupted iterations
students   [   6% ] 020/200 VUs  01m40.0s/28m00.0s

running (01m41.0s), 020/200 VUs, 0 complete and 0 interrupted iterations
students   [   6% ] 020/200 VUs  01m41.0s/28m00.0s

running (01m42.0s), 020/200 VUs, 0 complete and 0 interrupted iterations
students   [   6% ] 020/200 VUs  01m42.0s/28m00.0s

running (01m43.0s), 020/200 VUs, 0 complete and 0 interrupted iterations
students   [   6% ] 020/200 VUs  01m43.0s/28m00.0s

running (01m44.0s), 020/200 VUs, 0 complete and 0 interrupted iterations
students   [   6% ] 020/200 VUs  01m44.0s/28m00.0s

running (01m45.0s), 020/200 VUs, 0 complete and 0 interrupted iterations
students   [   6% ] 020/200 VUs  01m45.0s/28m00.0s

running (01m46.0s), 020/200 VUs, 0 complete and 0 interrupted iterations
students   [   6% ] 020/200 VUs  01m46.0s/28m00.0s

running (01m47.0s), 020/200 VUs, 0 complete and 0 interrupted iterations
students   [   6% ] 020/200 VUs  01m47.0s/28m00.0s

running (01m48.0s), 020/200 VUs, 0 complete and 0 interrupted iterations
students   [   6% ] 020/200 VUs  01m48.0s/28m00.0s

running (01m49.0s), 020/200 VUs, 0 complete and 0 interrupted iterations
students   [   6% ] 020/200 VUs  01m49.0s/28m00.0s

running (01m50.0s), 020/200 VUs, 0 complete and 0 interrupted iterations
students   [   7% ] 020/200 VUs  01m50.0s/28m00.0s

running (01m51.0s), 020/200 VUs, 0 complete and 0 interrupted iterations
students   [   7% ] 020/200 VUs  01m51.0s/28m00.0s

running (01m52.0s), 020/200 VUs, 0 complete and 0 interrupted iterations
students   [   7% ] 020/200 VUs  01m52.0s/28m00.0s

running (01m53.0s), 020/200 VUs, 0 complete and 0 interrupted iterations
students   [   7% ] 020/200 VUs  01m53.0s/28m00.0s

running (01m54.0s), 020/200 VUs, 0 complete and 0 interrupted iterations
students   [   7% ] 020/200 VUs  01m54.0s/28m00.0s

running (01m55.0s), 020/200 VUs, 0 complete and 0 interrupted iterations
students   [   7% ] 020/200 VUs  01m55.0s/28m00.0s

running (01m56.0s), 020/200 VUs, 0 complete and 0 interrupted iterations
students   [   7% ] 020/200 VUs  01m56.0s/28m00.0s

running (01m57.0s), 020/200 VUs, 0 complete and 0 interrupted iterations
students   [   7% ] 020/200 VUs  01m57.0s/28m00.0s

running (01m58.0s), 020/200 VUs, 0 complete and 0 interrupted iterations
students   [   7% ] 020/200 VUs  01m58.0s/28m00.0s

running (01m59.0s), 020/200 VUs, 0 complete and 0 interrupted iterations
students   [   7% ] 020/200 VUs  01m59.0s/28m00.0s

running (02m00.0s), 020/200 VUs, 0 complete and 0 interrupted iterations
students   [   7% ] 020/200 VUs  02m00.0s/28m00.0s

running (02m01.0s), 021/200 VUs, 0 complete and 0 interrupted iterations
students   [   7% ] 021/200 VUs  02m01.0s/28m00.0s

running (02m02.0s), 022/200 VUs, 0 complete and 0 interrupted iterations
students   [   7% ] 022/200 VUs  02m02.0s/28m00.0s

running (02m03.0s), 024/200 VUs, 0 complete and 0 interrupted iterations
students   [   7% ] 024/200 VUs  02m03.0s/28m00.0s

running (02m04.0s), 025/200 VUs, 0 complete and 0 interrupted iterations
students   [   7% ] 025/200 VUs  02m04.0s/28m00.0s

running (02m05.0s), 027/200 VUs, 0 complete and 0 interrupted iterations
students   [   7% ] 027/200 VUs  02m05.0s/28m00.0s

running (02m06.0s), 028/200 VUs, 0 complete and 0 interrupted iterations
students   [   7% ] 028/200 VUs  02m06.0s/28m00.0s

running (02m07.0s), 030/200 VUs, 0 complete and 0 interrupted iterations
students   [   8% ] 030/200 VUs  02m07.0s/28m00.0s

running (02m08.0s), 031/200 VUs, 0 complete and 0 interrupted iterations
students   [   8% ] 031/200 VUs  02m08.0s/28m00.0s

running (02m09.0s), 033/200 VUs, 0 complete and 0 interrupted iterations
students   [   8% ] 033/200 VUs  02m09.0s/28m00.0s

running (02m10.0s), 034/200 VUs, 0 complete and 0 interrupted iterations
students   [   8% ] 034/200 VUs  02m10.0s/28m00.0s

running (02m11.0s), 036/200 VUs, 0 complete and 0 interrupted iterations
students   [   8% ] 036/200 VUs  02m11.0s/28m00.0s

running (02m12.0s), 037/200 VUs, 0 complete and 0 interrupted iterations
students   [   8% ] 037/200 VUs  02m12.0s/28m00.0s

running (02m13.0s), 039/200 VUs, 0 complete and 0 interrupted iterations
students   [   8% ] 039/200 VUs  02m13.0s/28m00.0s

running (02m14.0s), 040/200 VUs, 0 complete and 0 interrupted iterations
students   [   8% ] 040/200 VUs  02m14.0s/28m00.0s

running (02m15.0s), 042/200 VUs, 0 complete and 0 interrupted iterations
students   [   8% ] 042/200 VUs  02m15.0s/28m00.0s

running (02m16.0s), 043/200 VUs, 0 complete and 0 interrupted iterations
students   [   8% ] 043/200 VUs  02m16.0s/28m00.0s

running (02m17.0s), 045/200 VUs, 0 complete and 0 interrupted iterations
students   [   8% ] 045/200 VUs  02m17.0s/28m00.0s

running (02m18.0s), 046/200 VUs, 0 complete and 0 interrupted iterations
students   [   8% ] 046/200 VUs  02m18.0s/28m00.0s

running (02m19.0s), 048/200 VUs, 0 complete and 0 interrupted iterations
students   [   8% ] 048/200 VUs  02m19.0s/28m00.0s

running (02m20.0s), 049/200 VUs, 0 complete and 0 interrupted iterations
students   [   8% ] 049/200 VUs  02m20.0s/28m00.0s

running (02m21.0s), 051/200 VUs, 0 complete and 0 interrupted iterations
students   [   8% ] 051/200 VUs  02m21.0s/28m00.0s

running (02m22.0s), 052/200 VUs, 0 complete and 0 interrupted iterations
students   [   8% ] 052/200 VUs  02m22.0s/28m00.0s

running (02m23.0s), 054/200 VUs, 0 complete and 0 interrupted iterations
students   [   9% ] 054/200 VUs  02m23.0s/28m00.0s

running (02m24.0s), 055/200 VUs, 0 complete and 0 interrupted iterations
students   [   9% ] 055/200 VUs  02m24.0s/28m00.0s

running (02m25.0s), 057/200 VUs, 0 complete and 0 interrupted iterations
students   [   9% ] 057/200 VUs  02m25.0s/28m00.0s

running (02m26.0s), 058/200 VUs, 0 complete and 0 interrupted iterations
students   [   9% ] 058/200 VUs  02m26.0s/28m00.0s

running (02m27.0s), 060/200 VUs, 0 complete and 0 interrupted iterations
students   [   9% ] 060/200 VUs  02m27.0s/28m00.0s

running (02m28.0s), 061/200 VUs, 0 complete and 0 interrupted iterations
students   [   9% ] 061/200 VUs  02m28.0s/28m00.0s

running (02m29.0s), 063/200 VUs, 0 complete and 0 interrupted iterations
students   [   9% ] 063/200 VUs  02m29.0s/28m00.0s

running (02m30.0s), 064/200 VUs, 0 complete and 0 interrupted iterations
students   [   9% ] 064/200 VUs  02m30.0s/28m00.0s

running (02m31.0s), 066/200 VUs, 0 complete and 0 interrupted iterations
students   [   9% ] 066/200 VUs  02m31.0s/28m00.0s

running (02m32.0s), 067/200 VUs, 0 complete and 0 interrupted iterations
students   [   9% ] 067/200 VUs  02m32.0s/28m00.0s

running (02m33.0s), 069/200 VUs, 0 complete and 0 interrupted iterations
students   [   9% ] 069/200 VUs  02m33.0s/28m00.0s

running (02m34.0s), 070/200 VUs, 0 complete and 0 interrupted iterations
students   [   9% ] 070/200 VUs  02m34.0s/28m00.0s

running (02m35.0s), 072/200 VUs, 0 complete and 0 interrupted iterations
students   [   9% ] 072/200 VUs  02m35.0s/28m00.0s

running (02m36.0s), 073/200 VUs, 0 complete and 0 interrupted iterations
students   [   9% ] 073/200 VUs  02m36.0s/28m00.0s

running (02m37.0s), 075/200 VUs, 0 complete and 0 interrupted iterations
students   [   9% ] 075/200 VUs  02m37.0s/28m00.0s

running (02m38.0s), 076/200 VUs, 0 complete and 0 interrupted iterations
students   [   9% ] 076/200 VUs  02m38.0s/28m00.0s

running (02m39.0s), 078/200 VUs, 0 complete and 0 interrupted iterations
students   [   9% ] 078/200 VUs  02m39.0s/28m00.0s

running (02m40.0s), 079/200 VUs, 0 complete and 0 interrupted iterations
students   [  10% ] 079/200 VUs  02m40.0s/28m00.0s

running (02m41.0s), 081/200 VUs, 0 complete and 0 interrupted iterations
students   [  10% ] 081/200 VUs  02m41.0s/28m00.0s

running (02m42.0s), 082/200 VUs, 0 complete and 0 interrupted iterations
students   [  10% ] 082/200 VUs  02m42.0s/28m00.0s

running (02m43.0s), 084/200 VUs, 0 complete and 0 interrupted iterations
students   [  10% ] 084/200 VUs  02m43.0s/28m00.0s

running (02m44.0s), 085/200 VUs, 0 complete and 0 interrupted iterations
students   [  10% ] 085/200 VUs  02m44.0s/28m00.0s

running (02m45.0s), 087/200 VUs, 0 complete and 0 interrupted iterations
students   [  10% ] 087/200 VUs  02m45.0s/28m00.0s

running (02m46.0s), 088/200 VUs, 0 complete and 0 interrupted iterations
students   [  10% ] 088/200 VUs  02m46.0s/28m00.0s

running (02m47.0s), 090/200 VUs, 0 complete and 0 interrupted iterations
students   [  10% ] 090/200 VUs  02m47.0s/28m00.0s

running (02m48.0s), 091/200 VUs, 0 complete and 0 interrupted iterations
students   [  10% ] 091/200 VUs  02m48.0s/28m00.0s

running (02m49.0s), 093/200 VUs, 0 complete and 0 interrupted iterations
students   [  10% ] 093/200 VUs  02m49.0s/28m00.0s

running (02m50.0s), 094/200 VUs, 0 complete and 0 interrupted iterations
students   [  10% ] 094/200 VUs  02m50.0s/28m00.0s

running (02m51.0s), 096/200 VUs, 0 complete and 0 interrupted iterations
students   [  10% ] 096/200 VUs  02m51.0s/28m00.0s

running (02m52.0s), 097/200 VUs, 0 complete and 0 interrupted iterations
students   [  10% ] 097/200 VUs  02m52.0s/28m00.0s

running (02m53.0s), 099/200 VUs, 0 complete and 0 interrupted iterations
students   [  10% ] 099/200 VUs  02m53.0s/28m00.0s

running (02m54.0s), 100/200 VUs, 0 complete and 0 interrupted iterations
students   [  10% ] 100/200 VUs  02m54.0s/28m00.0s

running (02m55.0s), 102/200 VUs, 0 complete and 0 interrupted iterations
students   [  10% ] 102/200 VUs  02m55.0s/28m00.0s

running (02m56.0s), 103/200 VUs, 0 complete and 0 interrupted iterations
students   [  10% ] 103/200 VUs  02m56.0s/28m00.0s

running (02m57.0s), 105/200 VUs, 0 complete and 0 interrupted iterations
students   [  11% ] 105/200 VUs  02m57.0s/28m00.0s

running (02m58.0s), 106/200 VUs, 0 complete and 0 interrupted iterations
students   [  11% ] 106/200 VUs  02m58.0s/28m00.0s

running (02m59.0s), 108/200 VUs, 0 complete and 0 interrupted iterations
students   [  11% ] 108/200 VUs  02m59.0s/28m00.0s

running (03m00.0s), 109/200 VUs, 0 complete and 0 interrupted iterations
students   [  11% ] 109/200 VUs  03m00.0s/28m00.0s

running (03m01.0s), 111/200 VUs, 0 complete and 0 interrupted iterations
students   [  11% ] 111/200 VUs  03m01.0s/28m00.0s

running (03m02.0s), 112/200 VUs, 0 complete and 0 interrupted iterations
students   [  11% ] 112/200 VUs  03m02.0s/28m00.0s

running (03m03.0s), 114/200 VUs, 0 complete and 0 interrupted iterations
students   [  11% ] 114/200 VUs  03m03.0s/28m00.0s

running (03m04.0s), 115/200 VUs, 0 complete and 0 interrupted iterations
students   [  11% ] 115/200 VUs  03m04.0s/28m00.0s

running (03m05.0s), 117/200 VUs, 0 complete and 0 interrupted iterations
students   [  11% ] 117/200 VUs  03m05.0s/28m00.0s

running (03m06.0s), 118/200 VUs, 0 complete and 0 interrupted iterations
students   [  11% ] 118/200 VUs  03m06.0s/28m00.0s

running (03m07.0s), 120/200 VUs, 0 complete and 0 interrupted iterations
students   [  11% ] 120/200 VUs  03m07.0s/28m00.0s

running (03m08.0s), 121/200 VUs, 0 complete and 0 interrupted iterations
students   [  11% ] 121/200 VUs  03m08.0s/28m00.0s

running (03m09.0s), 123/200 VUs, 0 complete and 0 interrupted iterations
students   [  11% ] 123/200 VUs  03m09.0s/28m00.0s

running (03m10.0s), 124/200 VUs, 0 complete and 0 interrupted iterations
students   [  11% ] 124/200 VUs  03m10.0s/28m00.0s

running (03m11.0s), 126/200 VUs, 0 complete and 0 interrupted iterations
students   [  11% ] 126/200 VUs  03m11.0s/28m00.0s

running (03m12.0s), 127/200 VUs, 0 complete and 0 interrupted iterations
students   [  11% ] 127/200 VUs  03m12.0s/28m00.0s

running (03m13.0s), 129/200 VUs, 0 complete and 0 interrupted iterations
students   [  11% ] 129/200 VUs  03m13.0s/28m00.0s

running (03m14.0s), 130/200 VUs, 0 complete and 0 interrupted iterations
students   [  12% ] 130/200 VUs  03m14.0s/28m00.0s

running (03m15.0s), 132/200 VUs, 0 complete and 0 interrupted iterations
students   [  12% ] 132/200 VUs  03m15.0s/28m00.0s

running (03m16.0s), 133/200 VUs, 0 complete and 0 interrupted iterations
students   [  12% ] 133/200 VUs  03m16.0s/28m00.0s

running (03m17.0s), 135/200 VUs, 0 complete and 0 interrupted iterations
students   [  12% ] 135/200 VUs  03m17.0s/28m00.0s

running (03m18.0s), 136/200 VUs, 0 complete and 0 interrupted iterations
students   [  12% ] 136/200 VUs  03m18.0s/28m00.0s

running (03m19.0s), 138/200 VUs, 0 complete and 0 interrupted iterations
students   [  12% ] 138/200 VUs  03m19.0s/28m00.0s

running (03m20.0s), 139/200 VUs, 0 complete and 0 interrupted iterations
students   [  12% ] 139/200 VUs  03m20.0s/28m00.0s

running (03m21.0s), 141/200 VUs, 0 complete and 0 interrupted iterations
students   [  12% ] 141/200 VUs  03m21.0s/28m00.0s

running (03m22.0s), 142/200 VUs, 0 complete and 0 interrupted iterations
students   [  12% ] 142/200 VUs  03m22.0s/28m00.0s

running (03m23.0s), 144/200 VUs, 0 complete and 0 interrupted iterations
students   [  12% ] 144/200 VUs  03m23.0s/28m00.0s

running (03m24.0s), 145/200 VUs, 0 complete and 0 interrupted iterations
students   [  12% ] 145/200 VUs  03m24.0s/28m00.0s

running (03m25.0s), 147/200 VUs, 0 complete and 0 interrupted iterations
students   [  12% ] 147/200 VUs  03m25.0s/28m00.0s

running (03m26.0s), 148/200 VUs, 0 complete and 0 interrupted iterations
students   [  12% ] 148/200 VUs  03m26.0s/28m00.0s

running (03m27.0s), 150/200 VUs, 0 complete and 0 interrupted iterations
students   [  12% ] 150/200 VUs  03m27.0s/28m00.0s

running (03m28.0s), 151/200 VUs, 0 complete and 0 interrupted iterations
students   [  12% ] 151/200 VUs  03m28.0s/28m00.0s

running (03m29.0s), 153/200 VUs, 0 complete and 0 interrupted iterations
students   [  12% ] 153/200 VUs  03m29.0s/28m00.0s

running (03m30.0s), 154/200 VUs, 0 complete and 0 interrupted iterations
students   [  12% ] 154/200 VUs  03m30.0s/28m00.0s

running (03m31.0s), 156/200 VUs, 0 complete and 0 interrupted iterations
students   [  13% ] 156/200 VUs  03m31.0s/28m00.0s

running (03m32.0s), 157/200 VUs, 0 complete and 0 interrupted iterations
students   [  13% ] 157/200 VUs  03m32.0s/28m00.0s

running (03m33.0s), 159/200 VUs, 0 complete and 0 interrupted iterations
students   [  13% ] 159/200 VUs  03m33.0s/28m00.0s

running (03m34.0s), 160/200 VUs, 0 complete and 0 interrupted iterations
students   [  13% ] 160/200 VUs  03m34.0s/28m00.0s

running (03m35.0s), 162/200 VUs, 0 complete and 0 interrupted iterations
students   [  13% ] 162/200 VUs  03m35.0s/28m00.0s

running (03m36.0s), 163/200 VUs, 0 complete and 0 interrupted iterations
students   [  13% ] 163/200 VUs  03m36.0s/28m00.0s

running (03m37.0s), 165/200 VUs, 0 complete and 0 interrupted iterations
students   [  13% ] 165/200 VUs  03m37.0s/28m00.0s

running (03m38.0s), 166/200 VUs, 0 complete and 0 interrupted iterations
students   [  13% ] 166/200 VUs  03m38.0s/28m00.0s

running (03m39.0s), 168/200 VUs, 0 complete and 0 interrupted iterations
students   [  13% ] 168/200 VUs  03m39.0s/28m00.0s

running (03m40.0s), 169/200 VUs, 0 complete and 0 interrupted iterations
students   [  13% ] 169/200 VUs  03m40.0s/28m00.0s

running (03m41.0s), 171/200 VUs, 0 complete and 0 interrupted iterations
students   [  13% ] 171/200 VUs  03m41.0s/28m00.0s

running (03m42.0s), 172/200 VUs, 0 complete and 0 interrupted iterations
students   [  13% ] 172/200 VUs  03m42.0s/28m00.0s

running (03m43.0s), 174/200 VUs, 0 complete and 0 interrupted iterations
students   [  13% ] 174/200 VUs  03m43.0s/28m00.0s

running (03m44.0s), 175/200 VUs, 0 complete and 0 interrupted iterations
students   [  13% ] 175/200 VUs  03m44.0s/28m00.0s

running (03m45.0s), 177/200 VUs, 0 complete and 0 interrupted iterations
students   [  13% ] 177/200 VUs  03m45.0s/28m00.0s

running (03m46.0s), 178/200 VUs, 0 complete and 0 interrupted iterations
students   [  13% ] 178/200 VUs  03m46.0s/28m00.0s

running (03m47.0s), 180/200 VUs, 0 complete and 0 interrupted iterations
students   [  14% ] 180/200 VUs  03m47.0s/28m00.0s

running (03m48.0s), 181/200 VUs, 0 complete and 0 interrupted iterations
students   [  14% ] 181/200 VUs  03m48.0s/28m00.0s

running (03m49.0s), 183/200 VUs, 0 complete and 0 interrupted iterations
students   [  14% ] 183/200 VUs  03m49.0s/28m00.0s

running (03m50.0s), 184/200 VUs, 0 complete and 0 interrupted iterations
students   [  14% ] 184/200 VUs  03m50.0s/28m00.0s

running (03m51.0s), 186/200 VUs, 0 complete and 0 interrupted iterations
students   [  14% ] 186/200 VUs  03m51.0s/28m00.0s

running (03m52.0s), 187/200 VUs, 0 complete and 0 interrupted iterations
students   [  14% ] 187/200 VUs  03m52.0s/28m00.0s

running (03m53.0s), 189/200 VUs, 0 complete and 0 interrupted iterations
students   [  14% ] 189/200 VUs  03m53.0s/28m00.0s

running (03m54.0s), 190/200 VUs, 0 complete and 0 interrupted iterations
students   [  14% ] 190/200 VUs  03m54.0s/28m00.0s

running (03m55.0s), 192/200 VUs, 0 complete and 0 interrupted iterations
students   [  14% ] 192/200 VUs  03m55.0s/28m00.0s

running (03m56.0s), 193/200 VUs, 0 complete and 0 interrupted iterations
students   [  14% ] 193/200 VUs  03m56.0s/28m00.0s

running (03m57.0s), 195/200 VUs, 0 complete and 0 interrupted iterations
students   [  14% ] 195/200 VUs  03m57.0s/28m00.0s

running (03m58.0s), 196/200 VUs, 0 complete and 0 interrupted iterations
students   [  14% ] 196/200 VUs  03m58.0s/28m00.0s

running (03m59.0s), 198/200 VUs, 0 complete and 0 interrupted iterations
students   [  14% ] 198/200 VUs  03m59.0s/28m00.0s

running (04m00.0s), 199/200 VUs, 0 complete and 0 interrupted iterations
students   [  14% ] 199/200 VUs  04m00.0s/28m00.0s

running (04m01.0s), 200/200 VUs, 0 complete and 0 interrupted iterations
students   [  14% ] 200/200 VUs  04m01.0s/28m00.0s

running (04m02.0s), 200/200 VUs, 0 complete and 0 interrupted iterations
students   [  14% ] 200/200 VUs  04m02.0s/28m00.0s

running (04m03.0s), 200/200 VUs, 0 complete and 0 interrupted iterations
students   [  14% ] 200/200 VUs  04m03.0s/28m00.0s

running (04m04.0s), 200/200 VUs, 0 complete and 0 interrupted iterations
students   [  15% ] 200/200 VUs  04m04.0s/28m00.0s

running (04m05.0s), 200/200 VUs, 0 complete and 0 interrupted iterations
students   [  15% ] 200/200 VUs  04m05.0s/28m00.0s

running (04m06.0s), 200/200 VUs, 0 complete and 0 interrupted iterations
students   [  15% ] 200/200 VUs  04m06.0s/28m00.0s

running (04m07.0s), 200/200 VUs, 0 complete and 0 interrupted iterations
students   [  15% ] 200/200 VUs  04m07.0s/28m00.0s

running (04m08.0s), 200/200 VUs, 0 complete and 0 interrupted iterations
students   [  15% ] 200/200 VUs  04m08.0s/28m00.0s

running (04m09.0s), 200/200 VUs, 0 complete and 0 interrupted iterations
students   [  15% ] 200/200 VUs  04m09.0s/28m00.0s

running (04m10.0s), 200/200 VUs, 0 complete and 0 interrupted iterations
students   [  15% ] 200/200 VUs  04m10.0s/28m00.0s

running (04m11.0s), 200/200 VUs, 0 complete and 0 interrupted iterations
students   [  15% ] 200/200 VUs  04m11.0s/28m00.0s

running (04m12.0s), 200/200 VUs, 0 complete and 0 interrupted iterations
students   [  15% ] 200/200 VUs  04m12.0s/28m00.0s

running (04m13.0s), 200/200 VUs, 0 complete and 0 interrupted iterations
students   [  15% ] 200/200 VUs  04m13.0s/28m00.0s

running (04m14.0s), 200/200 VUs, 0 complete and 0 interrupted iterations
students   [  15% ] 200/200 VUs  04m14.0s/28m00.0s

running (04m15.0s), 200/200 VUs, 0 complete and 0 interrupted iterations
students   [  15% ] 200/200 VUs  04m15.0s/28m00.0s

running (04m16.0s), 200/200 VUs, 0 complete and 0 interrupted iterations
students   [  15% ] 200/200 VUs  04m16.0s/28m00.0s

running (04m17.0s), 200/200 VUs, 0 complete and 0 interrupted iterations
students   [  15% ] 200/200 VUs  04m17.0s/28m00.0s

running (04m18.0s), 200/200 VUs, 0 complete and 0 interrupted iterations
students   [  15% ] 200/200 VUs  04m18.0s/28m00.0s

running (04m19.0s), 200/200 VUs, 0 complete and 0 interrupted iterations
students   [  15% ] 200/200 VUs  04m19.0s/28m00.0s

running (04m20.0s), 200/200 VUs, 0 complete and 0 interrupted iterations
students   [  15% ] 200/200 VUs  04m20.0s/28m00.0s

running (04m21.0s), 200/200 VUs, 0 complete and 0 interrupted iterations
students   [  16% ] 200/200 VUs  04m21.0s/28m00.0s

running (04m22.0s), 200/200 VUs, 0 complete and 0 interrupted iterations
students   [  16% ] 200/200 VUs  04m22.0s/28m00.0s

running (04m23.0s), 200/200 VUs, 0 complete and 0 interrupted iterations
students   [  16% ] 200/200 VUs  04m23.0s/28m00.0s

running (04m24.0s), 200/200 VUs, 0 complete and 0 interrupted iterations
students   [  16% ] 200/200 VUs  04m24.0s/28m00.0s

running (04m25.0s), 200/200 VUs, 0 complete and 0 interrupted iterations
students   [  16% ] 200/200 VUs  04m25.0s/28m00.0s

running (04m26.0s), 200/200 VUs, 0 complete and 0 interrupted iterations
students   [  16% ] 200/200 VUs  04m26.0s/28m00.0s

running (04m27.0s), 200/200 VUs, 0 complete and 0 interrupted iterations
students   [  16% ] 200/200 VUs  04m27.0s/28m00.0s

running (04m28.0s), 200/200 VUs, 0 complete and 0 interrupted iterations
students   [  16% ] 200/200 VUs  04m28.0s/28m00.0s

running (04m29.0s), 200/200 VUs, 0 complete and 0 interrupted iterations
students   [  16% ] 200/200 VUs  04m29.0s/28m00.0s

running (04m30.0s), 200/200 VUs, 0 complete and 0 interrupted iterations
students   [  16% ] 200/200 VUs  04m30.0s/28m00.0s

running (04m31.0s), 200/200 VUs, 0 complete and 0 interrupted iterations
students   [  16% ] 200/200 VUs  04m31.0s/28m00.0s

running (04m32.0s), 200/200 VUs, 0 complete and 0 interrupted iterations
students   [  16% ] 200/200 VUs  04m32.0s/28m00.0s

running (04m33.0s), 200/200 VUs, 0 complete and 0 interrupted iterations
students   [  16% ] 200/200 VUs  04m33.0s/28m00.0s

running (04m34.0s), 200/200 VUs, 0 complete and 0 interrupted iterations
students   [  16% ] 200/200 VUs  04m34.0s/28m00.0s

running (04m35.0s), 200/200 VUs, 0 complete and 0 interrupted iterations
students   [  16% ] 200/200 VUs  04m35.0s/28m00.0s

running (04m36.0s), 200/200 VUs, 0 complete and 0 interrupted iterations
students   [  16% ] 200/200 VUs  04m36.0s/28m00.0s

running (04m37.0s), 200/200 VUs, 0 complete and 0 interrupted iterations
students   [  16% ] 200/200 VUs  04m37.0s/28m00.0s

running (04m38.0s), 200/200 VUs, 0 complete and 0 interrupted iterations
students   [  17% ] 200/200 VUs  04m38.0s/28m00.0s

running (04m39.0s), 200/200 VUs, 0 complete and 0 interrupted iterations
students   [  17% ] 200/200 VUs  04m39.0s/28m00.0s

running (04m40.0s), 200/200 VUs, 0 complete and 0 interrupted iterations
students   [  17% ] 200/200 VUs  04m40.0s/28m00.0s

running (04m41.0s), 200/200 VUs, 0 complete and 0 interrupted iterations
students   [  17% ] 200/200 VUs  04m41.0s/28m00.0s

running (04m42.0s), 200/200 VUs, 0 complete and 0 interrupted iterations
students   [  17% ] 200/200 VUs  04m42.0s/28m00.0s

running (04m43.0s), 200/200 VUs, 0 complete and 0 interrupted iterations
students   [  17% ] 200/200 VUs  04m43.0s/28m00.0s

running (04m44.0s), 200/200 VUs, 0 complete and 0 interrupted iterations
students   [  17% ] 200/200 VUs  04m44.0s/28m00.0s

running (04m45.0s), 200/200 VUs, 0 complete and 0 interrupted iterations
students   [  17% ] 200/200 VUs  04m45.0s/28m00.0s

running (04m46.0s), 200/200 VUs, 0 complete and 0 interrupted iterations
students   [  17% ] 200/200 VUs  04m46.0s/28m00.0s

running (04m47.0s), 200/200 VUs, 0 complete and 0 interrupted iterations
students   [  17% ] 200/200 VUs  04m47.0s/28m00.0s

running (04m48.0s), 200/200 VUs, 0 complete and 0 interrupted iterations
students   [  17% ] 200/200 VUs  04m48.0s/28m00.0s

running (04m49.0s), 200/200 VUs, 0 complete and 0 interrupted iterations
students   [  17% ] 200/200 VUs  04m49.0s/28m00.0s

running (04m50.0s), 200/200 VUs, 0 complete and 0 interrupted iterations
students   [  17% ] 200/200 VUs  04m50.0s/28m00.0s

running (04m51.0s), 200/200 VUs, 0 complete and 0 interrupted iterations
students   [  17% ] 200/200 VUs  04m51.0s/28m00.0s

running (04m52.0s), 200/200 VUs, 0 complete and 0 interrupted iterations
students   [  17% ] 200/200 VUs  04m52.0s/28m00.0s

running (04m53.0s), 200/200 VUs, 0 complete and 0 interrupted iterations
students   [  17% ] 200/200 VUs  04m53.0s/28m00.0s

running (04m54.0s), 200/200 VUs, 0 complete and 0 interrupted iterations
students   [  17% ] 200/200 VUs  04m54.0s/28m00.0s

running (04m55.0s), 200/200 VUs, 0 complete and 0 interrupted iterations
students   [  18% ] 200/200 VUs  04m55.0s/28m00.0s

running (04m56.0s), 200/200 VUs, 0 complete and 0 interrupted iterations
students   [  18% ] 200/200 VUs  04m56.0s/28m00.0s

running (04m57.0s), 200/200 VUs, 0 complete and 0 interrupted iterations
students   [  18% ] 200/200 VUs  04m57.0s/28m00.0s

running (04m58.0s), 200/200 VUs, 0 complete and 0 interrupted iterations
students   [  18% ] 200/200 VUs  04m58.0s/28m00.0s

running (04m59.0s), 200/200 VUs, 0 complete and 0 interrupted iterations
students   [  18% ] 200/200 VUs  04m59.0s/28m00.0s

running (05m00.0s), 200/200 VUs, 0 complete and 0 interrupted iterations
students   [  18% ] 200/200 VUs  05m00.0s/28m00.0s

running (05m01.0s), 200/200 VUs, 0 complete and 0 interrupted iterations
students   [  18% ] 200/200 VUs  05m01.0s/28m00.0s

running (05m02.0s), 200/200 VUs, 0 complete and 0 interrupted iterations
students   [  18% ] 200/200 VUs  05m02.0s/28m00.0s

running (05m03.0s), 200/200 VUs, 0 complete and 0 interrupted iterations
students   [  18% ] 200/200 VUs  05m03.0s/28m00.0s

running (05m04.0s), 200/200 VUs, 0 complete and 0 interrupted iterations
students   [  18% ] 200/200 VUs  05m04.0s/28m00.0s

running (05m05.0s), 200/200 VUs, 0 complete and 0 interrupted iterations
students   [  18% ] 200/200 VUs  05m05.0s/28m00.0s

running (05m06.0s), 200/200 VUs, 0 complete and 0 interrupted iterations
students   [  18% ] 200/200 VUs  05m06.0s/28m00.0s

running (05m07.0s), 200/200 VUs, 0 complete and 0 interrupted iterations
students   [  18% ] 200/200 VUs  05m07.0s/28m00.0s

running (05m08.0s), 200/200 VUs, 0 complete and 0 interrupted iterations
students   [  18% ] 200/200 VUs  05m08.0s/28m00.0s

running (05m09.0s), 200/200 VUs, 0 complete and 0 interrupted iterations
students   [  18% ] 200/200 VUs  05m09.0s/28m00.0s

running (05m10.0s), 200/200 VUs, 0 complete and 0 interrupted iterations
students   [  18% ] 200/200 VUs  05m10.0s/28m00.0s

running (05m11.0s), 200/200 VUs, 0 complete and 0 interrupted iterations
students   [  19% ] 200/200 VUs  05m11.0s/28m00.0s

running (05m12.0s), 200/200 VUs, 0 complete and 0 interrupted iterations
students   [  19% ] 200/200 VUs  05m12.0s/28m00.0s

running (05m13.0s), 200/200 VUs, 0 complete and 0 interrupted iterations
students   [  19% ] 200/200 VUs  05m13.0s/28m00.0s

running (05m14.0s), 200/200 VUs, 0 complete and 0 interrupted iterations
students   [  19% ] 200/200 VUs  05m14.0s/28m00.0s

running (05m15.0s), 200/200 VUs, 0 complete and 0 interrupted iterations
students   [  19% ] 200/200 VUs  05m15.0s/28m00.0s

running (05m16.0s), 200/200 VUs, 0 complete and 0 interrupted iterations
students   [  19% ] 200/200 VUs  05m16.0s/28m00.0s

running (05m17.0s), 200/200 VUs, 0 complete and 0 interrupted iterations
students   [  19% ] 200/200 VUs  05m17.0s/28m00.0s

running (05m18.0s), 200/200 VUs, 0 complete and 0 interrupted iterations
students   [  19% ] 200/200 VUs  05m18.0s/28m00.0s

running (05m19.0s), 200/200 VUs, 0 complete and 0 interrupted iterations
students   [  19% ] 200/200 VUs  05m19.0s/28m00.0s

running (05m20.0s), 200/200 VUs, 0 complete and 0 interrupted iterations
students   [  19% ] 200/200 VUs  05m20.0s/28m00.0s

running (05m21.0s), 200/200 VUs, 0 complete and 0 interrupted iterations
students   [  19% ] 200/200 VUs  05m21.0s/28m00.0s

running (05m22.0s), 200/200 VUs, 0 complete and 0 interrupted iterations
students   [  19% ] 200/200 VUs  05m22.0s/28m00.0s

running (05m23.0s), 200/200 VUs, 0 complete and 0 interrupted iterations
students   [  19% ] 200/200 VUs  05m23.0s/28m00.0s

running (05m24.0s), 200/200 VUs, 0 complete and 0 interrupted iterations
students   [  19% ] 200/200 VUs  05m24.0s/28m00.0s

running (05m25.0s), 200/200 VUs, 0 complete and 0 interrupted iterations
students   [  19% ] 200/200 VUs  05m25.0s/28m00.0s

running (05m26.0s), 200/200 VUs, 0 complete and 0 interrupted iterations
students   [  19% ] 200/200 VUs  05m26.0s/28m00.0s

running (05m27.0s), 200/200 VUs, 0 complete and 0 interrupted iterations
students   [  19% ] 200/200 VUs  05m27.0s/28m00.0s

running (05m28.0s), 200/200 VUs, 0 complete and 0 interrupted iterations
students   [  20% ] 200/200 VUs  05m28.0s/28m00.0s

running (05m29.0s), 200/200 VUs, 0 complete and 0 interrupted iterations
students   [  20% ] 200/200 VUs  05m29.0s/28m00.0s

running (05m30.0s), 200/200 VUs, 0 complete and 0 interrupted iterations
students   [  20% ] 200/200 VUs  05m30.0s/28m00.0s

running (05m31.0s), 200/200 VUs, 1 complete and 0 interrupted iterations
students   [  20% ] 200/200 VUs  05m31.0s/28m00.0s

running (05m32.0s), 200/200 VUs, 1 complete and 0 interrupted iterations
students   [  20% ] 200/200 VUs  05m32.0s/28m00.0s

running (05m33.0s), 200/200 VUs, 1 complete and 0 interrupted iterations
students   [  20% ] 200/200 VUs  05m33.0s/28m00.0s

running (05m34.0s), 200/200 VUs, 1 complete and 0 interrupted iterations
students   [  20% ] 200/200 VUs  05m34.0s/28m00.0s

running (05m35.0s), 200/200 VUs, 1 complete and 0 interrupted iterations
students   [  20% ] 200/200 VUs  05m35.0s/28m00.0s

running (05m36.0s), 200/200 VUs, 1 complete and 0 interrupted iterations
students   [  20% ] 200/200 VUs  05m36.0s/28m00.0s

running (05m37.0s), 200/200 VUs, 1 complete and 0 interrupted iterations
students   [  20% ] 200/200 VUs  05m37.0s/28m00.0s

running (05m38.0s), 200/200 VUs, 2 complete and 0 interrupted iterations
students   [  20% ] 200/200 VUs  05m38.0s/28m00.0s

running (05m39.0s), 200/200 VUs, 2 complete and 0 interrupted iterations
students   [  20% ] 200/200 VUs  05m39.0s/28m00.0s

running (05m40.0s), 200/200 VUs, 2 complete and 0 interrupted iterations
students   [  20% ] 200/200 VUs  05m40.0s/28m00.0s

running (05m41.0s), 200/200 VUs, 2 complete and 0 interrupted iterations
students   [  20% ] 200/200 VUs  05m41.0s/28m00.0s

running (05m42.0s), 200/200 VUs, 2 complete and 0 interrupted iterations
students   [  20% ] 200/200 VUs  05m42.0s/28m00.0s

running (05m43.0s), 200/200 VUs, 3 complete and 0 interrupted iterations
students   [  20% ] 200/200 VUs  05m43.0s/28m00.0s

running (05m44.0s), 200/200 VUs, 3 complete and 0 interrupted iterations
students   [  20% ] 200/200 VUs  05m44.0s/28m00.0s

running (05m45.0s), 200/200 VUs, 4 complete and 0 interrupted iterations
students   [  21% ] 200/200 VUs  05m45.0s/28m00.0s

running (05m46.0s), 200/200 VUs, 6 complete and 0 interrupted iterations
students   [  21% ] 200/200 VUs  05m46.0s/28m00.0s

running (05m47.0s), 200/200 VUs, 6 complete and 0 interrupted iterations
students   [  21% ] 200/200 VUs  05m47.0s/28m00.0s

running (05m48.0s), 200/200 VUs, 7 complete and 0 interrupted iterations
students   [  21% ] 200/200 VUs  05m48.0s/28m00.0s

running (05m49.0s), 200/200 VUs, 8 complete and 0 interrupted iterations
students   [  21% ] 200/200 VUs  05m49.0s/28m00.0s

running (05m50.0s), 200/200 VUs, 8 complete and 0 interrupted iterations
students   [  21% ] 200/200 VUs  05m50.0s/28m00.0s

running (05m51.0s), 200/200 VUs, 9 complete and 0 interrupted iterations
students   [  21% ] 200/200 VUs  05m51.0s/28m00.0s

running (05m52.0s), 200/200 VUs, 10 complete and 0 interrupted iterations
students   [  21% ] 200/200 VUs  05m52.0s/28m00.0s

running (05m53.0s), 200/200 VUs, 11 complete and 0 interrupted iterations
students   [  21% ] 200/200 VUs  05m53.0s/28m00.0s

running (05m54.0s), 200/200 VUs, 11 complete and 0 interrupted iterations
students   [  21% ] 200/200 VUs  05m54.0s/28m00.0s

running (05m55.0s), 200/200 VUs, 11 complete and 0 interrupted iterations
students   [  21% ] 200/200 VUs  05m55.0s/28m00.0s

running (05m56.0s), 200/200 VUs, 11 complete and 0 interrupted iterations
students   [  21% ] 200/200 VUs  05m56.0s/28m00.0s

running (05m57.0s), 200/200 VUs, 11 complete and 0 interrupted iterations
students   [  21% ] 200/200 VUs  05m57.0s/28m00.0s

running (05m58.0s), 200/200 VUs, 13 complete and 0 interrupted iterations
students   [  21% ] 200/200 VUs  05m58.0s/28m00.0s

running (05m59.0s), 200/200 VUs, 13 complete and 0 interrupted iterations
students   [  21% ] 200/200 VUs  05m59.0s/28m00.0s

running (06m00.0s), 200/200 VUs, 14 complete and 0 interrupted iterations
students   [  21% ] 200/200 VUs  06m00.0s/28m00.0s

running (06m01.0s), 200/200 VUs, 16 complete and 0 interrupted iterations
students   [  21% ] 200/200 VUs  06m01.0s/28m00.0s

running (06m02.0s), 200/200 VUs, 16 complete and 0 interrupted iterations
students   [  22% ] 200/200 VUs  06m02.0s/28m00.0s

running (06m03.0s), 200/200 VUs, 19 complete and 0 interrupted iterations
students   [  22% ] 200/200 VUs  06m03.0s/28m00.0s

running (06m04.0s), 200/200 VUs, 21 complete and 0 interrupted iterations
students   [  22% ] 200/200 VUs  06m04.0s/28m00.0s

running (06m05.0s), 200/200 VUs, 22 complete and 0 interrupted iterations
students   [  22% ] 200/200 VUs  06m05.0s/28m00.0s

running (06m06.0s), 200/200 VUs, 23 complete and 0 interrupted iterations
students   [  22% ] 200/200 VUs  06m06.0s/28m00.0s

running (06m07.0s), 200/200 VUs, 24 complete and 0 interrupted iterations
students   [  22% ] 200/200 VUs  06m07.0s/28m00.0s

running (06m08.0s), 200/200 VUs, 25 complete and 0 interrupted iterations
students   [  22% ] 200/200 VUs  06m08.0s/28m00.0s

running (06m09.0s), 200/200 VUs, 26 complete and 0 interrupted iterations
students   [  22% ] 200/200 VUs  06m09.0s/28m00.0s

running (06m10.0s), 200/200 VUs, 26 complete and 0 interrupted iterations
students   [  22% ] 200/200 VUs  06m10.0s/28m00.0s

running (06m11.0s), 200/200 VUs, 26 complete and 0 interrupted iterations
students   [  22% ] 200/200 VUs  06m11.0s/28m00.0s

running (06m12.0s), 200/200 VUs, 26 complete and 0 interrupted iterations
students   [  22% ] 200/200 VUs  06m12.0s/28m00.0s

running (06m13.0s), 200/200 VUs, 28 complete and 0 interrupted iterations
students   [  22% ] 200/200 VUs  06m13.0s/28m00.0s

running (06m14.0s), 200/200 VUs, 28 complete and 0 interrupted iterations
students   [  22% ] 200/200 VUs  06m14.0s/28m00.0s

running (06m15.0s), 200/200 VUs, 29 complete and 0 interrupted iterations
students   [  22% ] 200/200 VUs  06m15.0s/28m00.0s

running (06m16.0s), 200/200 VUs, 31 complete and 0 interrupted iterations
students   [  22% ] 200/200 VUs  06m16.0s/28m00.0s

running (06m17.0s), 200/200 VUs, 31 complete and 0 interrupted iterations
students   [  22% ] 200/200 VUs  06m17.0s/28m00.0s

running (06m18.0s), 200/200 VUs, 35 complete and 0 interrupted iterations
students   [  22% ] 200/200 VUs  06m18.0s/28m00.0s

running (06m19.0s), 200/200 VUs, 37 complete and 0 interrupted iterations
students   [  23% ] 200/200 VUs  06m19.0s/28m00.0s

running (06m20.0s), 200/200 VUs, 39 complete and 0 interrupted iterations
students   [  23% ] 200/200 VUs  06m20.0s/28m00.0s

running (06m21.0s), 200/200 VUs, 40 complete and 0 interrupted iterations
students   [  23% ] 200/200 VUs  06m21.0s/28m00.0s

running (06m22.0s), 200/200 VUs, 42 complete and 0 interrupted iterations
students   [  23% ] 200/200 VUs  06m22.0s/28m00.0s

running (06m23.0s), 200/200 VUs, 43 complete and 0 interrupted iterations
students   [  23% ] 200/200 VUs  06m23.0s/28m00.0s

running (06m24.0s), 200/200 VUs, 44 complete and 0 interrupted iterations
students   [  23% ] 200/200 VUs  06m24.0s/28m00.0s

running (06m25.0s), 200/200 VUs, 44 complete and 0 interrupted iterations
students   [  23% ] 200/200 VUs  06m25.0s/28m00.0s

running (06m26.0s), 200/200 VUs, 44 complete and 0 interrupted iterations
students   [  23% ] 200/200 VUs  06m26.0s/28m00.0s

running (06m27.0s), 200/200 VUs, 44 complete and 0 interrupted iterations
students   [  23% ] 200/200 VUs  06m27.0s/28m00.0s

running (06m28.0s), 200/200 VUs, 46 complete and 0 interrupted iterations
students   [  23% ] 200/200 VUs  06m28.0s/28m00.0s

running (06m29.0s), 200/200 VUs, 46 complete and 0 interrupted iterations
students   [  23% ] 200/200 VUs  06m29.0s/28m00.0s

running (06m30.0s), 200/200 VUs, 47 complete and 0 interrupted iterations
students   [  23% ] 200/200 VUs  06m30.0s/28m00.0s

running (06m31.0s), 200/200 VUs, 49 complete and 0 interrupted iterations
students   [  23% ] 200/200 VUs  06m31.0s/28m00.0s

running (06m32.0s), 200/200 VUs, 49 complete and 0 interrupted iterations
students   [  23% ] 200/200 VUs  06m32.0s/28m00.0s

running (06m33.0s), 200/200 VUs, 53 complete and 0 interrupted iterations
students   [  23% ] 200/200 VUs  06m33.0s/28m00.0s

running (06m34.0s), 200/200 VUs, 55 complete and 0 interrupted iterations
students   [  23% ] 200/200 VUs  06m34.0s/28m00.0s

running (06m35.0s), 200/200 VUs, 57 complete and 0 interrupted iterations
students   [  24% ] 200/200 VUs  06m35.0s/28m00.0s

running (06m36.0s), 200/200 VUs, 58 complete and 0 interrupted iterations
students   [  24% ] 200/200 VUs  06m36.0s/28m00.0s

running (06m37.0s), 200/200 VUs, 60 complete and 0 interrupted iterations
students   [  24% ] 200/200 VUs  06m37.0s/28m00.0s

running (06m38.0s), 200/200 VUs, 61 complete and 0 interrupted iterations
students   [  24% ] 200/200 VUs  06m38.0s/28m00.0s

running (06m39.0s), 200/200 VUs, 62 complete and 0 interrupted iterations
students   [  24% ] 200/200 VUs  06m39.0s/28m00.0s

running (06m40.0s), 200/200 VUs, 62 complete and 0 interrupted iterations
students   [  24% ] 200/200 VUs  06m40.0s/28m00.0s

running (06m41.0s), 200/200 VUs, 62 complete and 0 interrupted iterations
students   [  24% ] 200/200 VUs  06m41.0s/28m00.0s

running (06m42.0s), 200/200 VUs, 62 complete and 0 interrupted iterations
students   [  24% ] 200/200 VUs  06m42.0s/28m00.0s

running (06m43.0s), 200/200 VUs, 65 complete and 0 interrupted iterations
students   [  24% ] 200/200 VUs  06m43.0s/28m00.0s

running (06m44.0s), 200/200 VUs, 65 complete and 0 interrupted iterations
students   [  24% ] 200/200 VUs  06m44.0s/28m00.0s

running (06m45.0s), 200/200 VUs, 66 complete and 0 interrupted iterations
students   [  24% ] 200/200 VUs  06m45.0s/28m00.0s

running (06m46.0s), 200/200 VUs, 69 complete and 0 interrupted iterations
students   [  24% ] 200/200 VUs  06m46.0s/28m00.0s

running (06m47.0s), 200/200 VUs, 69 complete and 0 interrupted iterations
students   [  24% ] 200/200 VUs  06m47.0s/28m00.0s

running (06m48.0s), 200/200 VUs, 73 complete and 0 interrupted iterations
students   [  24% ] 200/200 VUs  06m48.0s/28m00.0s

running (06m49.0s), 200/200 VUs, 75 complete and 0 interrupted iterations
students   [  24% ] 200/200 VUs  06m49.0s/28m00.0s

running (06m50.0s), 200/200 VUs, 77 complete and 0 interrupted iterations
students   [  24% ] 200/200 VUs  06m50.0s/28m00.0s

running (06m51.0s), 200/200 VUs, 78 complete and 0 interrupted iterations
students   [  24% ] 200/200 VUs  06m51.0s/28m00.0s

running (06m52.0s), 200/200 VUs, 80 complete and 0 interrupted iterations
students   [  25% ] 200/200 VUs  06m52.0s/28m00.0s

running (06m53.0s), 200/200 VUs, 81 complete and 0 interrupted iterations
students   [  25% ] 200/200 VUs  06m53.0s/28m00.0s

running (06m54.0s), 200/200 VUs, 82 complete and 0 interrupted iterations
students   [  25% ] 200/200 VUs  06m54.0s/28m00.0s

running (06m55.0s), 200/200 VUs, 82 complete and 0 interrupted iterations
students   [  25% ] 200/200 VUs  06m55.0s/28m00.0s

running (06m56.0s), 200/200 VUs, 82 complete and 0 interrupted iterations
students   [  25% ] 200/200 VUs  06m56.0s/28m00.0s

running (06m57.0s), 200/200 VUs, 82 complete and 0 interrupted iterations
students   [  25% ] 200/200 VUs  06m57.0s/28m00.0s

running (06m58.0s), 200/200 VUs, 85 complete and 0 interrupted iterations
students   [  25% ] 200/200 VUs  06m58.0s/28m00.0s

running (06m59.0s), 200/200 VUs, 85 complete and 0 interrupted iterations
students   [  25% ] 200/200 VUs  06m59.0s/28m00.0s

running (07m00.0s), 200/200 VUs, 86 complete and 0 interrupted iterations
students   [  25% ] 200/200 VUs  07m00.0s/28m00.0s

running (07m01.0s), 200/200 VUs, 89 complete and 0 interrupted iterations
students   [  25% ] 200/200 VUs  07m01.0s/28m00.0s

running (07m02.0s), 200/200 VUs, 89 complete and 0 interrupted iterations
students   [  25% ] 200/200 VUs  07m02.0s/28m00.0s

running (07m03.0s), 200/200 VUs, 93 complete and 0 interrupted iterations
students   [  25% ] 200/200 VUs  07m03.0s/28m00.0s

running (07m04.0s), 200/200 VUs, 95 complete and 0 interrupted iterations
students   [  25% ] 200/200 VUs  07m04.0s/28m00.0s

running (07m05.0s), 200/200 VUs, 97 complete and 0 interrupted iterations
students   [  25% ] 200/200 VUs  07m05.0s/28m00.0s

running (07m06.0s), 200/200 VUs, 98 complete and 0 interrupted iterations
students   [  25% ] 200/200 VUs  07m06.0s/28m00.0s

running (07m07.0s), 200/200 VUs, 100 complete and 0 interrupted iterations
students   [  25% ] 200/200 VUs  07m07.0s/28m00.0s

running (07m08.0s), 200/200 VUs, 101 complete and 0 interrupted iterations
students   [  25% ] 200/200 VUs  07m08.0s/28m00.0s

running (07m09.0s), 200/200 VUs, 102 complete and 0 interrupted iterations
students   [  26% ] 200/200 VUs  07m09.0s/28m00.0s

running (07m10.0s), 200/200 VUs, 102 complete and 0 interrupted iterations
students   [  26% ] 200/200 VUs  07m10.0s/28m00.0s

running (07m11.0s), 200/200 VUs, 102 complete and 0 interrupted iterations
students   [  26% ] 200/200 VUs  07m11.0s/28m00.0s

running (07m12.0s), 200/200 VUs, 102 complete and 0 interrupted iterations
students   [  26% ] 200/200 VUs  07m12.0s/28m00.0s

running (07m13.0s), 200/200 VUs, 105 complete and 0 interrupted iterations
students   [  26% ] 200/200 VUs  07m13.0s/28m00.0s

running (07m14.0s), 200/200 VUs, 105 complete and 0 interrupted iterations
students   [  26% ] 200/200 VUs  07m14.0s/28m00.0s

running (07m15.0s), 200/200 VUs, 106 complete and 0 interrupted iterations
students   [  26% ] 200/200 VUs  07m15.0s/28m00.0s

running (07m16.0s), 200/200 VUs, 109 complete and 0 interrupted iterations
students   [  26% ] 200/200 VUs  07m16.0s/28m00.0s

running (07m17.0s), 200/200 VUs, 109 complete and 0 interrupted iterations
students   [  26% ] 200/200 VUs  07m17.0s/28m00.0s

running (07m18.0s), 200/200 VUs, 113 complete and 0 interrupted iterations
students   [  26% ] 200/200 VUs  07m18.0s/28m00.0s

running (07m19.0s), 200/200 VUs, 115 complete and 0 interrupted iterations
students   [  26% ] 200/200 VUs  07m19.0s/28m00.0s

running (07m20.0s), 200/200 VUs, 117 complete and 0 interrupted iterations
students   [  26% ] 200/200 VUs  07m20.0s/28m00.0s

running (07m21.0s), 200/200 VUs, 118 complete and 0 interrupted iterations
students   [  26% ] 200/200 VUs  07m21.0s/28m00.0s

running (07m22.0s), 200/200 VUs, 120 complete and 0 interrupted iterations
students   [  26% ] 200/200 VUs  07m22.0s/28m00.0s

running (07m23.0s), 200/200 VUs, 121 complete and 0 interrupted iterations
students   [  26% ] 200/200 VUs  07m23.0s/28m00.0s

running (07m24.0s), 200/200 VUs, 122 complete and 0 interrupted iterations
students   [  26% ] 200/200 VUs  07m24.0s/28m00.0s

running (07m25.0s), 200/200 VUs, 122 complete and 0 interrupted iterations
students   [  26% ] 200/200 VUs  07m25.0s/28m00.0s

running (07m26.0s), 200/200 VUs, 122 complete and 0 interrupted iterations
students   [  27% ] 200/200 VUs  07m26.0s/28m00.0s

running (07m27.0s), 200/200 VUs, 122 complete and 0 interrupted iterations
students   [  27% ] 200/200 VUs  07m27.0s/28m00.0s

running (07m28.0s), 200/200 VUs, 125 complete and 0 interrupted iterations
students   [  27% ] 200/200 VUs  07m28.0s/28m00.0s

running (07m29.0s), 200/200 VUs, 125 complete and 0 interrupted iterations
students   [  27% ] 200/200 VUs  07m29.0s/28m00.0s

running (07m30.0s), 200/200 VUs, 126 complete and 0 interrupted iterations
students   [  27% ] 200/200 VUs  07m30.0s/28m00.0s

running (07m31.0s), 200/200 VUs, 129 complete and 0 interrupted iterations
students   [  27% ] 200/200 VUs  07m31.0s/28m00.0s

running (07m32.0s), 200/200 VUs, 129 complete and 0 interrupted iterations
students   [  27% ] 200/200 VUs  07m32.0s/28m00.0s

running (07m33.0s), 200/200 VUs, 133 complete and 0 interrupted iterations
students   [  27% ] 200/200 VUs  07m33.0s/28m00.0s

running (07m34.0s), 200/200 VUs, 135 complete and 0 interrupted iterations
students   [  27% ] 200/200 VUs  07m34.0s/28m00.0s

running (07m35.0s), 200/200 VUs, 137 complete and 0 interrupted iterations
students   [  27% ] 200/200 VUs  07m35.0s/28m00.0s

running (07m36.0s), 200/200 VUs, 138 complete and 0 interrupted iterations
students   [  27% ] 200/200 VUs  07m36.0s/28m00.0s

running (07m37.0s), 200/200 VUs, 140 complete and 0 interrupted iterations
students   [  27% ] 200/200 VUs  07m37.0s/28m00.0s

running (07m38.0s), 200/200 VUs, 141 complete and 0 interrupted iterations
students   [  27% ] 200/200 VUs  07m38.0s/28m00.0s

running (07m39.0s), 200/200 VUs, 142 complete and 0 interrupted iterations
students   [  27% ] 200/200 VUs  07m39.0s/28m00.0s

running (07m40.0s), 200/200 VUs, 142 complete and 0 interrupted iterations
students   [  27% ] 200/200 VUs  07m40.0s/28m00.0s

running (07m41.0s), 200/200 VUs, 142 complete and 0 interrupted iterations
students   [  27% ] 200/200 VUs  07m41.0s/28m00.0s

running (07m42.0s), 200/200 VUs, 142 complete and 0 interrupted iterations
students   [  27% ] 200/200 VUs  07m42.0s/28m00.0s

running (07m43.0s), 200/200 VUs, 145 complete and 0 interrupted iterations
students   [  28% ] 200/200 VUs  07m43.0s/28m00.0s

running (07m44.0s), 200/200 VUs, 145 complete and 0 interrupted iterations
students   [  28% ] 200/200 VUs  07m44.0s/28m00.0s

running (07m45.0s), 200/200 VUs, 146 complete and 0 interrupted iterations
students   [  28% ] 200/200 VUs  07m45.0s/28m00.0s

running (07m46.0s), 200/200 VUs, 149 complete and 0 interrupted iterations
students   [  28% ] 200/200 VUs  07m46.0s/28m00.0s

running (07m47.0s), 200/200 VUs, 149 complete and 0 interrupted iterations
students   [  28% ] 200/200 VUs  07m47.0s/28m00.0s

running (07m48.0s), 200/200 VUs, 153 complete and 0 interrupted iterations
students   [  28% ] 200/200 VUs  07m48.0s/28m00.0s

running (07m49.0s), 200/200 VUs, 155 complete and 0 interrupted iterations
students   [  28% ] 200/200 VUs  07m49.0s/28m00.0s

running (07m50.0s), 200/200 VUs, 157 complete and 0 interrupted iterations
students   [  28% ] 200/200 VUs  07m50.0s/28m00.0s

running (07m51.0s), 200/200 VUs, 158 complete and 0 interrupted iterations
students   [  28% ] 200/200 VUs  07m51.0s/28m00.0s

running (07m52.0s), 200/200 VUs, 160 complete and 0 interrupted iterations
students   [  28% ] 200/200 VUs  07m52.0s/28m00.0s

running (07m53.0s), 200/200 VUs, 161 complete and 0 interrupted iterations
students   [  28% ] 200/200 VUs  07m53.0s/28m00.0s

running (07m54.0s), 200/200 VUs, 162 complete and 0 interrupted iterations
students   [  28% ] 200/200 VUs  07m54.0s/28m00.0s

running (07m55.0s), 200/200 VUs, 162 complete and 0 interrupted iterations
students   [  28% ] 200/200 VUs  07m55.0s/28m00.0s

running (07m56.0s), 200/200 VUs, 162 complete and 0 interrupted iterations
students   [  28% ] 200/200 VUs  07m56.0s/28m00.0s

running (07m57.0s), 200/200 VUs, 162 complete and 0 interrupted iterations
students   [  28% ] 200/200 VUs  07m57.0s/28m00.0s

running (07m58.0s), 200/200 VUs, 165 complete and 0 interrupted iterations
students   [  28% ] 200/200 VUs  07m58.0s/28m00.0s

running (07m59.0s), 200/200 VUs, 165 complete and 0 interrupted iterations
students   [  29% ] 200/200 VUs  07m59.0s/28m00.0s

running (08m00.0s), 200/200 VUs, 166 complete and 0 interrupted iterations
students   [  29% ] 200/200 VUs  08m00.0s/28m00.0s

running (08m01.0s), 200/200 VUs, 169 complete and 0 interrupted iterations
students   [  29% ] 200/200 VUs  08m01.0s/28m00.0s

running (08m02.0s), 200/200 VUs, 170 complete and 0 interrupted iterations
students   [  29% ] 200/200 VUs  08m02.0s/28m00.0s

running (08m03.0s), 200/200 VUs, 175 complete and 0 interrupted iterations
students   [  29% ] 200/200 VUs  08m03.0s/28m00.0s

running (08m04.0s), 200/200 VUs, 177 complete and 0 interrupted iterations
students   [  29% ] 200/200 VUs  08m04.0s/28m00.0s

running (08m05.0s), 200/200 VUs, 179 complete and 0 interrupted iterations
students   [  29% ] 200/200 VUs  08m05.0s/28m00.0s

running (08m06.0s), 200/200 VUs, 181 complete and 0 interrupted iterations
students   [  29% ] 200/200 VUs  08m06.0s/28m00.0s

running (08m07.0s), 200/200 VUs, 183 complete and 0 interrupted iterations
students   [  29% ] 200/200 VUs  08m07.0s/28m00.0s

running (08m08.0s), 200/200 VUs, 184 complete and 0 interrupted iterations
students   [  29% ] 200/200 VUs  08m08.0s/28m00.0s

running (08m09.0s), 200/200 VUs, 185 complete and 0 interrupted iterations
students   [  29% ] 200/200 VUs  08m09.0s/28m00.0s

running (08m10.0s), 200/200 VUs, 185 complete and 0 interrupted iterations
students   [  29% ] 200/200 VUs  08m10.0s/28m00.0s

running (08m11.0s), 200/200 VUs, 185 complete and 0 interrupted iterations
students   [  29% ] 200/200 VUs  08m11.0s/28m00.0s

running (08m12.0s), 200/200 VUs, 185 complete and 0 interrupted iterations
students   [  29% ] 200/200 VUs  08m12.0s/28m00.0s

running (08m13.0s), 200/200 VUs, 188 complete and 0 interrupted iterations
students   [  29% ] 200/200 VUs  08m13.0s/28m00.0s

running (08m14.0s), 200/200 VUs, 188 complete and 0 interrupted iterations
students   [  29% ] 200/200 VUs  08m14.0s/28m00.0s

running (08m15.0s), 200/200 VUs, 190 complete and 0 interrupted iterations
students   [  29% ] 200/200 VUs  08m15.0s/28m00.0s

running (08m16.0s), 200/200 VUs, 193 complete and 0 interrupted iterations
students   [  30% ] 200/200 VUs  08m16.0s/28m00.0s

running (08m17.0s), 200/200 VUs, 194 complete and 0 interrupted iterations
students   [  30% ] 200/200 VUs  08m17.0s/28m00.0s

running (08m18.0s), 200/200 VUs, 199 complete and 0 interrupted iterations
students   [  30% ] 200/200 VUs  08m18.0s/28m00.0s

running (08m19.0s), 200/200 VUs, 201 complete and 0 interrupted iterations
students   [  30% ] 200/200 VUs  08m19.0s/28m00.0s

running (08m20.0s), 200/200 VUs, 203 complete and 0 interrupted iterations
students   [  30% ] 200/200 VUs  08m20.0s/28m00.0s

running (08m21.0s), 200/200 VUs, 205 complete and 0 interrupted iterations
students   [  30% ] 200/200 VUs  08m21.0s/28m00.0s

running (08m22.0s), 200/200 VUs, 207 complete and 0 interrupted iterations
students   [  30% ] 200/200 VUs  08m22.0s/28m00.0s

running (08m23.0s), 200/200 VUs, 208 complete and 0 interrupted iterations
students   [  30% ] 200/200 VUs  08m23.0s/28m00.0s

running (08m24.0s), 200/200 VUs, 210 complete and 0 interrupted iterations
students   [  30% ] 200/200 VUs  08m24.0s/28m00.0s

running (08m25.0s), 200/200 VUs, 210 complete and 0 interrupted iterations
students   [  30% ] 200/200 VUs  08m25.0s/28m00.0s

running (08m26.0s), 200/200 VUs, 210 complete and 0 interrupted iterations
students   [  30% ] 200/200 VUs  08m26.0s/28m00.0s

running (08m27.0s), 200/200 VUs, 210 complete and 0 interrupted iterations
students   [  30% ] 200/200 VUs  08m27.0s/28m00.0s

running (08m28.0s), 200/200 VUs, 213 complete and 0 interrupted iterations
students   [  30% ] 200/200 VUs  08m28.0s/28m00.0s

running (08m29.0s), 200/200 VUs, 215 complete and 0 interrupted iterations
students   [  30% ] 200/200 VUs  08m29.0s/28m00.0s
time="2026-09-03T08:25:26-07:00" level=warning msg="Request Failed" error="Get \"https://209.23.10.34/api/lms/attempts/1373/timer\": request timeout"

running (08m30.0s), 200/200 VUs, 217 complete and 0 interrupted iterations
students   [  30% ] 200/200 VUs  08m30.0s/28m00.0s
time="2026-09-03T08:25:27-07:00" level=warning msg="Request Failed" error="Get \"https://209.23.10.34/api/lms/attempts/1402/timer\": request timeout"
time="2026-09-03T08:25:27-07:00" level=warning msg="Request Failed" error="Get \"https://209.23.10.34/api/lms/attempts/1405/timer\": request timeout"
time="2026-09-03T08:25:27-07:00" level=warning msg="Request Failed" error="Get \"https://209.23.10.34/api/lms/attempts/1371/timer\": request timeout"
time="2026-09-03T08:25:27-07:00" level=warning msg="Request Failed" error="Get \"https://209.23.10.34/api/lms/attempts/1440/timer\": request timeout"
time="2026-09-03T08:25:27-07:00" level=warning msg="Request Failed" error="Get \"https://209.23.10.34/api/lms/attempts/1438/timer\": request timeout"
time="2026-09-03T08:25:27-07:00" level=warning msg="Request Failed" error="Get \"https://209.23.10.34/api/lms/attempts/1429/timer\": request timeout"
time="2026-09-03T08:25:27-07:00" level=warning msg="Request Failed" error="Get \"https://209.23.10.34/api/lms/attempts/1382/timer\": request timeout"
time="2026-09-03T08:25:27-07:00" level=warning msg="Request Failed" error="Get \"https://209.23.10.34/api/lms/attempts/1434/timer\": request timeout"

running (08m31.0s), 200/200 VUs, 220 complete and 0 interrupted iterations
students   [  30% ] 200/200 VUs  08m31.0s/28m00.0s
time="2026-09-03T08:25:28-07:00" level=warning msg="Request Failed" error="Get \"https://209.23.10.34/api/lms/attempts/1394/timer\": request timeout"

running (08m32.0s), 200/200 VUs, 221 complete and 0 interrupted iterations
students   [  30% ] 200/200 VUs  08m32.0s/28m00.0s
time="2026-09-03T08:25:29-07:00" level=warning msg="Request Failed" error="Get \"https://209.23.10.34/api/lms/attempts/1399/timer\": request timeout"
time="2026-09-03T08:25:29-07:00" level=warning msg="Request Failed" error="Get \"https://209.23.10.34/api/lms/attempts/1427/timer\": request timeout"
time="2026-09-03T08:25:29-07:00" level=warning msg="Request Failed" error="Get \"https://209.23.10.34/api/lms/attempts/1414/timer\": request timeout"
time="2026-09-03T08:25:29-07:00" level=warning msg="Request Failed" error="Get \"https://209.23.10.34/api/lms/attempts/1407/timer\": request timeout"

running (08m33.0s), 200/200 VUs, 226 complete and 0 interrupted iterations
students   [  31% ] 200/200 VUs  08m33.0s/28m00.0s
time="2026-09-03T08:25:30-07:00" level=warning msg="Request Failed" error="Get \"https://209.23.10.34/api/lms/attempts/1428/timer\": request timeout"
time="2026-09-03T08:25:30-07:00" level=warning msg="Request Failed" error="Get \"https://209.23.10.34/api/lms/attempts/1433/timer\": request timeout"

running (08m34.0s), 200/200 VUs, 228 complete and 0 interrupted iterations
students   [  31% ] 200/200 VUs  08m34.0s/28m00.0s
time="2026-09-03T08:25:31-07:00" level=warning msg="Request Failed" error="Get \"https://209.23.10.34/api/lms/attempts/1409/timer\": request timeout"
time="2026-09-03T08:25:31-07:00" level=warning msg="Request Failed" error="Get \"https://209.23.10.34/api/lms/attempts/1359/timer\": request timeout"
time="2026-09-03T08:25:31-07:00" level=warning msg="Request Failed" error="Get \"https://209.23.10.34/api/lms/attempts/1345/timer\": request timeout"
time="2026-09-03T08:25:31-07:00" level=warning msg="Request Failed" error="Get \"https://209.23.10.34/api/lms/attempts/1340/timer\": request timeout"
time="2026-09-03T08:25:31-07:00" level=warning msg="Request Failed" error="Get \"https://209.23.10.34/api/lms/attempts/1395/timer\": request timeout"
time="2026-09-03T08:25:31-07:00" level=warning msg="Request Failed" error="Get \"https://209.23.10.34/api/lms/attempts/1383/timer\": request timeout"
time="2026-09-03T08:25:31-07:00" level=warning msg="Request Failed" error="Get \"https://209.23.10.34/api/lms/attempts/1442/timer\": request timeout"

running (08m35.0s), 200/200 VUs, 230 complete and 0 interrupted iterations
students   [  31% ] 200/200 VUs  08m35.0s/28m00.0s
time="2026-09-03T08:25:31-07:00" level=warning msg="Request Failed" error="Get \"https://209.23.10.34/api/lms/attempts/1404/timer\": request timeout"
time="2026-09-03T08:25:32-07:00" level=warning msg="Request Failed" error="Get \"https://209.23.10.34/api/lms/attempts/1413/timer\": request timeout"
time="2026-09-03T08:25:32-07:00" level=warning msg="Request Failed" error="Get \"https://209.23.10.34/api/lms/attempts/1335/timer\": request timeout"
time="2026-09-03T08:25:32-07:00" level=warning msg="Request Failed" error="Get \"https://209.23.10.34/api/lms/attempts/1426/timer\": request timeout"
time="2026-09-03T08:25:32-07:00" level=warning msg="Request Failed" error="Get \"https://209.23.10.34/api/lms/attempts/1381/timer\": request timeout"
time="2026-09-03T08:25:32-07:00" level=warning msg="Request Failed" error="Get \"https://209.23.10.34/api/lms/attempts/1324/timer\": request timeout"
time="2026-09-03T08:25:32-07:00" level=warning msg="Request Failed" error="Get \"https://209.23.10.34/api/lms/attempts/1386/timer\": request timeout"

running (08m36.0s), 200/200 VUs, 232 complete and 0 interrupted iterations
students   [  31% ] 200/200 VUs  08m36.0s/28m00.0s
time="2026-09-03T08:25:33-07:00" level=warning msg="Request Failed" error="Get \"https://209.23.10.34/api/lms/attempts/1416/timer\": request timeout"

running (08m37.0s), 200/200 VUs, 234 complete and 0 interrupted iterations
students   [  31% ] 200/200 VUs  08m37.0s/28m00.0s
time="2026-09-03T08:25:34-07:00" level=warning msg="Request Failed" error="Get \"https://209.23.10.34/api/lms/attempts/1439/timer\": request timeout"
time="2026-09-03T08:25:34-07:00" level=warning msg="Request Failed" error="Get \"https://209.23.10.34/api/lms/attempts/1380/timer\": request timeout"
time="2026-09-03T08:25:34-07:00" level=warning msg="Request Failed" error="Get \"https://209.23.10.34/api/lms/attempts/1403/timer\": request timeout"
time="2026-09-03T08:25:34-07:00" level=warning msg="Request Failed" error="Get \"https://209.23.10.34/api/lms/attempts/1370/timer\": request timeout"
time="2026-09-03T08:25:34-07:00" level=warning msg="Request Failed" error="Get \"https://209.23.10.34/api/lms/attempts/1400/timer\": request timeout"

running (08m38.0s), 200/200 VUs, 235 complete and 0 interrupted iterations
students   [  31% ] 200/200 VUs  08m38.0s/28m00.0s
time="2026-09-03T08:25:35-07:00" level=warning msg="Request Failed" error="Get \"https://209.23.10.34/api/lms/attempts/1317/timer\": request timeout"

running (08m39.0s), 200/200 VUs, 237 complete and 0 interrupted iterations
students   [  31% ] 200/200 VUs  08m39.0s/28m00.0s
time="2026-09-03T08:25:36-07:00" level=warning msg="Request Failed" error="Get \"https://209.23.10.34/api/lms/attempts/1411/timer\": request timeout"

running (08m40.0s), 200/200 VUs, 237 complete and 0 interrupted iterations
students   [  31% ] 200/200 VUs  08m40.0s/28m00.0s
time="2026-09-03T08:25:37-07:00" level=warning msg="Request Failed" error="Get \"https://209.23.10.34/api/lms/attempts/1431/timer\": request timeout"
time="2026-09-03T08:25:37-07:00" level=warning msg="Request Failed" error="Get \"https://209.23.10.34/api/lms/attempts/1379/timer\": request timeout"

running (08m41.0s), 200/200 VUs, 237 complete and 0 interrupted iterations
students   [  31% ] 200/200 VUs  08m41.0s/28m00.0s
time="2026-09-03T08:25:38-07:00" level=warning msg="Request Failed" error="Get \"https://209.23.10.34/api/lms/attempts/1420/timer\": request timeout"
time="2026-09-03T08:25:38-07:00" level=warning msg="Request Failed" error="Get \"https://209.23.10.34/api/lms/attempts/1343/timer\": request timeout"

running (08m42.0s), 200/200 VUs, 237 complete and 0 interrupted iterations
students   [  31% ] 200/200 VUs  08m42.0s/28m00.0s

running (08m43.0s), 200/200 VUs, 240 complete and 0 interrupted iterations
students   [  31% ] 200/200 VUs  08m43.0s/28m00.0s
time="2026-09-03T08:25:40-07:00" level=warning msg="Request Failed" error="Get \"https://209.23.10.34/api/lms/attempts/1441/timer\": request timeout"

running (08m44.0s), 200/200 VUs, 242 complete and 0 interrupted iterations
students   [  31% ] 200/200 VUs  08m44.0s/28m00.0s
time="2026-09-03T08:25:41-07:00" level=warning msg="Request Failed" error="Get \"https://209.23.10.34/api/lms/attempts/1355/timer\": request timeout"

running (08m45.0s), 200/200 VUs, 244 complete and 0 interrupted iterations
students   [  31% ] 200/200 VUs  08m45.0s/28m00.0s
time="2026-09-03T08:25:42-07:00" level=warning msg="Request Failed" error="Get \"https://209.23.10.34/api/lms/attempts/1364/timer\": request timeout"

running (08m46.0s), 200/200 VUs, 247 complete and 0 interrupted iterations
students   [  31% ] 200/200 VUs  08m46.0s/28m00.0s

running (08m47.0s), 200/200 VUs, 248 complete and 0 interrupted iterations
students   [  31% ] 200/200 VUs  08m47.0s/28m00.0s
time="2026-09-03T08:25:44-07:00" level=warning msg="Request Failed" error="Get \"https://209.23.10.34/api/lms/attempts/1322/timer\": request timeout"
time="2026-09-03T08:25:44-07:00" level=warning msg="Request Failed" error="Get \"https://209.23.10.34/api/lms/attempts/1421/timer\": request timeout"

running (08m48.0s), 200/200 VUs, 253 complete and 0 interrupted iterations
students   [  31% ] 200/200 VUs  08m48.0s/28m00.0s

running (08m49.0s), 200/200 VUs, 255 complete and 0 interrupted iterations
students   [  31% ] 200/200 VUs  08m49.0s/28m00.0s

running (08m50.0s), 200/200 VUs, 257 complete and 0 interrupted iterations
students   [  32% ] 200/200 VUs  08m50.0s/28m00.0s
time="2026-09-03T08:25:47-07:00" level=warning msg="Request Failed" error="Get \"https://209.23.10.34/api/lms/attempts/1378/timer\": request timeout"

running (08m51.0s), 200/200 VUs, 259 complete and 0 interrupted iterations
students   [  32% ] 200/200 VUs  08m51.0s/28m00.0s

running (08m52.0s), 200/200 VUs, 261 complete and 0 interrupted iterations
students   [  32% ] 200/200 VUs  08m52.0s/28m00.0s

running (08m53.0s), 200/200 VUs, 262 complete and 0 interrupted iterations
students   [  32% ] 200/200 VUs  08m53.0s/28m00.0s
time="2026-09-03T08:25:50-07:00" level=warning msg="Request Failed" error="Get \"https://209.23.10.34/api/lms/attempts/1344/timer\": request timeout"
time="2026-09-03T08:25:50-07:00" level=warning msg="Request Failed" error="Get \"https://209.23.10.34/api/lms/attempts/1384/timer\": request timeout"
time="2026-09-03T08:25:50-07:00" level=warning msg="Request Failed" error="Get \"https://209.23.10.34/api/lms/attempts/1437/timer\": request timeout"
time="2026-09-03T08:25:50-07:00" level=warning msg="Request Failed" error="Get \"https://209.23.10.34/api/lms/attempts/1410/timer\": request timeout"

running (08m54.0s), 200/200 VUs, 264 complete and 0 interrupted iterations
students   [  32% ] 200/200 VUs  08m54.0s/28m00.0s
time="2026-09-03T08:25:51-07:00" level=warning msg="Request Failed" error="Get \"https://209.23.10.34/api/lms/attempts/1393/timer\": request timeout"

running (08m55.0s), 200/200 VUs, 264 complete and 0 interrupted iterations
students   [  32% ] 200/200 VUs  08m55.0s/28m00.0s
time="2026-09-03T08:25:52-07:00" level=warning msg="Request Failed" error="Get \"https://209.23.10.34/api/lms/attempts/1436/timer\": request timeout"

running (08m56.0s), 200/200 VUs, 264 complete and 0 interrupted iterations
students   [  32% ] 200/200 VUs  08m56.0s/28m00.0s

running (08m57.0s), 200/200 VUs, 264 complete and 0 interrupted iterations
students   [  32% ] 200/200 VUs  08m57.0s/28m00.0s

running (08m58.0s), 200/200 VUs, 267 complete and 0 interrupted iterations
students   [  32% ] 200/200 VUs  08m58.0s/28m00.0s
time="2026-09-03T08:25:55-07:00" level=warning msg="Request Failed" error="Get \"https://209.23.10.34/api/lms/attempts/1376/timer\": request timeout"
time="2026-09-03T08:25:55-07:00" level=warning msg="Request Failed" error="Get \"https://209.23.10.34/api/lms/attempts/1417/timer\": request timeout"

running (08m59.0s), 200/200 VUs, 269 complete and 0 interrupted iterations
students   [  32% ] 200/200 VUs  08m59.0s/28m00.0s

running (09m00.0s), 200/200 VUs, 271 complete and 0 interrupted iterations
students   [  32% ] 200/200 VUs  09m00.0s/28m00.0s

running (09m01.0s), 200/200 VUs, 274 complete and 0 interrupted iterations
students   [  32% ] 200/200 VUs  09m01.0s/28m00.0s

running (09m02.0s), 200/200 VUs, 275 complete and 0 interrupted iterations
students   [  32% ] 200/200 VUs  09m02.0s/28m00.0s

running (09m03.0s), 200/200 VUs, 281 complete and 0 interrupted iterations
students   [  32% ] 200/200 VUs  09m03.0s/28m00.0s
time="2026-09-03T08:26:00-07:00" level=warning msg="Request Failed" error="Get \"https://209.23.10.34/api/lms/attempts/1430/timer\": request timeout"
time="2026-09-03T08:26:00-07:00" level=warning msg="Request Failed" error="Get \"https://209.23.10.34/api/lms/attempts/1397/timer\": request timeout"
time="2026-09-03T08:26:00-07:00" level=warning msg="Request Failed" error="Get \"https://209.23.10.34/api/lms/attempts/1339/timer\": request timeout"
time="2026-09-03T08:26:00-07:00" level=warning msg="Request Failed" error="Get \"https://209.23.10.34/api/lms/attempts/1415/timer\": request timeout"

running (09m04.0s), 200/200 VUs, 284 complete and 0 interrupted iterations
students   [  32% ] 200/200 VUs  09m04.0s/28m00.0s
time="2026-09-03T08:26:01-07:00" level=warning msg="Request Failed" error="Get \"https://209.23.10.34/api/lms/attempts/1418/timer\": request timeout"
time="2026-09-03T08:26:01-07:00" level=warning msg="Request Failed" error="Get \"https://209.23.10.34/api/lms/attempts/1373/timer\": request timeout"

running (09m05.0s), 200/200 VUs, 286 complete and 0 interrupted iterations
students   [  32% ] 200/200 VUs  09m05.0s/28m00.0s
time="2026-09-03T08:26:02-07:00" level=warning msg="Request Failed" error="Get \"https://209.23.10.34/api/lms/attempts/1402/timer\": request timeout"
time="2026-09-03T08:26:02-07:00" level=warning msg="Request Failed" error="Get \"https://209.23.10.34/api/lms/attempts/1438/timer\": request timeout"
time="2026-09-03T08:26:02-07:00" level=warning msg="Request Failed" error="Get \"https://209.23.10.34/api/lms/attempts/1395/timer\": request timeout"

running (09m06.0s), 200/200 VUs, 288 complete and 0 interrupted iterations
students   [  32% ] 200/200 VUs  09m06.0s/28m00.0s
time="2026-09-03T08:26:03-07:00" level=warning msg="Request Failed" error="Get \"https://209.23.10.34/api/lms/attempts/1386/timer\": request timeout"

running (09m07.0s), 200/200 VUs, 290 complete and 0 interrupted iterations
students   [  33% ] 200/200 VUs  09m07.0s/28m00.0s
time="2026-09-03T08:26:04-07:00" level=warning msg="Request Failed" error="Get \"https://209.23.10.34/api/lms/attempts/1324/timer\": request timeout"
time="2026-09-03T08:26:04-07:00" level=warning msg="Request Failed" error="Get \"https://209.23.10.34/api/lms/attempts/1414/timer\": request timeout"
time="2026-09-03T08:26:04-07:00" level=warning msg="Request Failed" error="Get \"https://209.23.10.34/api/lms/attempts/1407/timer\": request timeout"

running (09m08.0s), 200/200 VUs, 291 complete and 0 interrupted iterations
students   [  33% ] 200/200 VUs  09m08.0s/28m00.0s

running (09m09.0s), 200/200 VUs, 293 complete and 0 interrupted iterations
students   [  33% ] 200/200 VUs  09m09.0s/28m00.0s
time="2026-09-03T08:26:06-07:00" level=warning msg="Request Failed" error="Get \"https://209.23.10.34/api/lms/attempts/1383/timer\": request timeout"
time="2026-09-03T08:26:06-07:00" level=warning msg="Request Failed" error="Get \"https://209.23.10.34/api/lms/attempts/1360/timer\": request timeout"
time="2026-09-03T08:26:06-07:00" level=warning msg="Request Failed" error="Get \"https://209.23.10.34/api/lms/attempts/1340/timer\": request timeout"
time="2026-09-03T08:26:06-07:00" level=warning msg="Request Failed" error="Get \"https://209.23.10.34/api/lms/attempts/1369/timer\": request timeout"

running (09m10.0s), 200/200 VUs, 293 complete and 0 interrupted iterations
students   [  33% ] 200/200 VUs  09m10.0s/28m00.0s
time="2026-09-03T08:26:07-07:00" level=warning msg="Request Failed" error="Get \"https://209.23.10.34/api/lms/attempts/1413/timer\": request timeout"
time="2026-09-03T08:26:07-07:00" level=warning msg="Request Failed" error="Get \"https://209.23.10.34/api/lms/attempts/1371/timer\": request timeout"

running (09m11.0s), 200/200 VUs, 293 complete and 0 interrupted iterations
students   [  33% ] 200/200 VUs  09m11.0s/28m00.0s
time="2026-09-03T08:26:08-07:00" level=warning msg="Request Failed" error="Get \"https://209.23.10.34/api/lms/attempts/1427/timer\": request timeout"
time="2026-09-03T08:26:08-07:00" level=warning msg="Request Failed" error="Get \"https://209.23.10.34/api/lms/attempts/1416/timer\": request timeout"

running (09m12.0s), 200/200 VUs, 293 complete and 0 interrupted iterations
students   [  33% ] 200/200 VUs  09m12.0s/28m00.0s
time="2026-09-03T08:26:09-07:00" level=warning msg="Request Failed" error="Get \"https://209.23.10.34/api/lms/attempts/1399/timer\": request timeout"
time="2026-09-03T08:26:09-07:00" level=warning msg="Request Failed" error="Get \"https://209.23.10.34/api/lms/attempts/1400/timer\": request timeout"

running (09m13.0s), 200/200 VUs, 296 complete and 0 interrupted iterations
students   [  33% ] 200/200 VUs  09m13.0s/28m00.0s
time="2026-09-03T08:26:10-07:00" level=warning msg="Request Failed" error="Get \"https://209.23.10.34/api/lms/attempts/1359/timer\": request timeout"
time="2026-09-03T08:26:10-07:00" level=warning msg="Request Failed" error="Get \"https://209.23.10.34/api/lms/attempts/1382/timer\": request timeout"
time="2026-09-03T08:26:10-07:00" level=warning msg="Request Failed" error="Get \"https://209.23.10.34/api/lms/attempts/1428/timer\": request timeout"

running (09m14.0s), 200/200 VUs, 298 complete and 0 interrupted iterations
students   [  33% ] 200/200 VUs  09m14.0s/28m00.0s
time="2026-09-03T08:26:11-07:00" level=warning msg="Request Failed" error="Get \"https://209.23.10.34/api/lms/attempts/1365/timer\": request timeout"
time="2026-09-03T08:26:11-07:00" level=warning msg="Request Failed" error="Get \"https://209.23.10.34/api/lms/attempts/1387/timer\": request timeout"

running (09m15.0s), 200/200 VUs, 300 complete and 0 interrupted iterations
students   [  33% ] 200/200 VUs  09m15.0s/28m00.0s

running (09m16.0s), 200/200 VUs, 305 complete and 0 interrupted iterations
students   [  33% ] 200/200 VUs  09m16.0s/28m00.0s

running (09m17.0s), 200/200 VUs, 306 complete and 0 interrupted iterations
students   [  33% ] 200/200 VUs  09m17.0s/28m00.0s

running (09m18.0s), 200/200 VUs, 313 complete and 0 interrupted iterations
students   [  33% ] 200/200 VUs  09m18.0s/28m00.0s

running (09m19.0s), 200/200 VUs, 316 complete and 0 interrupted iterations
students   [  33% ] 200/200 VUs  09m19.0s/28m00.0s

running (09m20.0s), 200/200 VUs, 318 complete and 0 interrupted iterations
students   [  33% ] 200/200 VUs  09m20.0s/28m00.0s

running (09m21.0s), 200/200 VUs, 320 complete and 0 interrupted iterations
students   [  33% ] 200/200 VUs  09m21.0s/28m00.0s

running (09m22.0s), 200/200 VUs, 322 complete and 0 interrupted iterations
students   [  33% ] 200/200 VUs  09m22.0s/28m00.0s

running (09m23.0s), 200/200 VUs, 323 complete and 0 interrupted iterations
students   [  34% ] 200/200 VUs  09m23.0s/28m00.0s

running (09m24.0s), 200/200 VUs, 325 complete and 0 interrupted iterations
students   [  34% ] 200/200 VUs  09m24.0s/28m00.0s

running (09m25.0s), 200/200 VUs, 326 complete and 0 interrupted iterations
students   [  34% ] 200/200 VUs  09m25.0s/28m00.0s

running (09m26.0s), 200/200 VUs, 327 complete and 0 interrupted iterations
students   [  34% ] 200/200 VUs  09m26.0s/28m00.0s

running (09m27.0s), 200/200 VUs, 327 complete and 0 interrupted iterations
students   [  34% ] 200/200 VUs  09m27.0s/28m00.0s

running (09m28.0s), 200/200 VUs, 330 complete and 0 interrupted iterations
students   [  34% ] 200/200 VUs  09m28.0s/28m00.0s

running (09m29.0s), 200/200 VUs, 332 complete and 0 interrupted iterations
students   [  34% ] 200/200 VUs  09m29.0s/28m00.0s

running (09m30.0s), 200/200 VUs, 334 complete and 0 interrupted iterations
students   [  34% ] 200/200 VUs  09m30.0s/28m00.0s

running (09m31.0s), 200/200 VUs, 339 complete and 0 interrupted iterations
students   [  34% ] 200/200 VUs  09m31.0s/28m00.0s

running (09m32.0s), 200/200 VUs, 340 complete and 0 interrupted iterations
students   [  34% ] 200/200 VUs  09m32.0s/28m00.0s

running (09m33.0s), 200/200 VUs, 347 complete and 0 interrupted iterations
students   [  34% ] 200/200 VUs  09m33.0s/28m00.0s

running (09m34.0s), 200/200 VUs, 350 complete and 0 interrupted iterations
students   [  34% ] 200/200 VUs  09m34.0s/28m00.0s

running (09m35.0s), 200/200 VUs, 352 complete and 0 interrupted iterations
students   [  34% ] 200/200 VUs  09m35.0s/28m00.0s

running (09m36.0s), 200/200 VUs, 354 complete and 0 interrupted iterations
students   [  34% ] 200/200 VUs  09m36.0s/28m00.0s

running (09m37.0s), 200/200 VUs, 356 complete and 0 interrupted iterations
students   [  34% ] 200/200 VUs  09m37.0s/28m00.0s

running (09m38.0s), 200/200 VUs, 357 complete and 0 interrupted iterations
students   [  34% ] 200/200 VUs  09m38.0s/28m00.0s

running (09m39.0s), 200/200 VUs, 359 complete and 0 interrupted iterations
students   [  34% ] 200/200 VUs  09m39.0s/28m00.0s

running (09m40.0s), 200/200 VUs, 360 complete and 0 interrupted iterations
students   [  35% ] 200/200 VUs  09m40.0s/28m00.0s

running (09m41.0s), 200/200 VUs, 361 complete and 0 interrupted iterations
students   [  35% ] 200/200 VUs  09m41.0s/28m00.0s

running (09m42.0s), 200/200 VUs, 361 complete and 0 interrupted iterations
students   [  35% ] 200/200 VUs  09m42.0s/28m00.0s

running (09m43.0s), 200/200 VUs, 364 complete and 0 interrupted iterations
students   [  35% ] 200/200 VUs  09m43.0s/28m00.0s

running (09m44.0s), 200/200 VUs, 366 complete and 0 interrupted iterations
students   [  35% ] 200/200 VUs  09m44.0s/28m00.0s

running (09m45.0s), 200/200 VUs, 369 complete and 0 interrupted iterations
students   [  35% ] 200/200 VUs  09m45.0s/28m00.0s

running (09m46.0s), 200/200 VUs, 374 complete and 0 interrupted iterations
students   [  35% ] 200/200 VUs  09m46.0s/28m00.0s

running (09m47.0s), 200/200 VUs, 375 complete and 0 interrupted iterations
students   [  35% ] 200/200 VUs  09m47.0s/28m00.0s

running (09m48.0s), 200/200 VUs, 383 complete and 0 interrupted iterations
students   [  35% ] 200/200 VUs  09m48.0s/28m00.0s

running (09m49.0s), 200/200 VUs, 386 complete and 0 interrupted iterations
students   [  35% ] 200/200 VUs  09m49.0s/28m00.0s

running (09m50.0s), 200/200 VUs, 388 complete and 0 interrupted iterations
students   [  35% ] 200/200 VUs  09m50.0s/28m00.0s

running (09m51.0s), 200/200 VUs, 390 complete and 0 interrupted iterations
students   [  35% ] 200/200 VUs  09m51.0s/28m00.0s

running (09m52.0s), 200/200 VUs, 395 complete and 0 interrupted iterations
students   [  35% ] 200/200 VUs  09m52.0s/28m00.0s

running (09m53.0s), 200/200 VUs, 396 complete and 0 interrupted iterations
students   [  35% ] 200/200 VUs  09m53.0s/28m00.0s

running (09m54.0s), 200/200 VUs, 399 complete and 0 interrupted iterations
students   [  35% ] 200/200 VUs  09m54.0s/28m00.0s

running (09m55.0s), 200/200 VUs, 402 complete and 0 interrupted iterations
students   [  35% ] 200/200 VUs  09m55.0s/28m00.0s

running (09m56.0s), 200/200 VUs, 403 complete and 0 interrupted iterations
students   [  35% ] 200/200 VUs  09m56.0s/28m00.0s

running (09m57.0s), 200/200 VUs, 403 complete and 0 interrupted iterations
students   [  36% ] 200/200 VUs  09m57.0s/28m00.0s

running (09m58.0s), 200/200 VUs, 406 complete and 0 interrupted iterations
students   [  36% ] 200/200 VUs  09m58.0s/28m00.0s

running (09m59.0s), 200/200 VUs, 409 complete and 0 interrupted iterations
students   [  36% ] 200/200 VUs  09m59.0s/28m00.0s

running (10m00.0s), 200/200 VUs, 412 complete and 0 interrupted iterations
students   [  36% ] 200/200 VUs  10m00.0s/28m00.0s

running (10m01.0s), 200/200 VUs, 417 complete and 0 interrupted iterations
students   [  36% ] 200/200 VUs  10m01.0s/28m00.0s

running (10m02.0s), 200/200 VUs, 418 complete and 0 interrupted iterations
students   [  36% ] 200/200 VUs  10m02.0s/28m00.0s

running (10m03.0s), 200/200 VUs, 426 complete and 0 interrupted iterations
students   [  36% ] 200/200 VUs  10m03.0s/28m00.0s

running (10m04.0s), 200/200 VUs, 429 complete and 0 interrupted iterations
students   [  36% ] 200/200 VUs  10m04.0s/28m00.0s

running (10m05.0s), 200/200 VUs, 431 complete and 0 interrupted iterations
students   [  36% ] 200/200 VUs  10m05.0s/28m00.0s

running (10m06.0s), 200/200 VUs, 433 complete and 0 interrupted iterations
students   [  36% ] 200/200 VUs  10m06.0s/28m00.0s

running (10m07.0s), 200/200 VUs, 438 complete and 0 interrupted iterations
students   [  36% ] 200/200 VUs  10m07.0s/28m00.0s

running (10m08.0s), 200/200 VUs, 439 complete and 0 interrupted iterations
students   [  36% ] 200/200 VUs  10m08.0s/28m00.0s

running (10m09.0s), 200/200 VUs, 442 complete and 0 interrupted iterations
students   [  36% ] 200/200 VUs  10m09.0s/28m00.0s
time="2026-09-03T08:27:06-07:00" level=warning msg="Request Failed" error="Get \"https://209.23.10.34/api/lms/attempts/1413/timer\": request timeout"

running (10m10.0s), 200/200 VUs, 445 complete and 0 interrupted iterations
students   [  36% ] 200/200 VUs  10m10.0s/28m00.0s

running (10m11.0s), 200/200 VUs, 446 complete and 0 interrupted iterations
students   [  36% ] 200/200 VUs  10m11.0s/28m00.0s
time="2026-09-03T08:27:08-07:00" level=warning msg="Request Failed" error="Get \"https://209.23.10.34/api/lms/attempts/1435/timer\": request timeout"
time="2026-09-03T08:27:08-07:00" level=warning msg="Request Failed" error="Get \"https://209.23.10.34/api/lms/attempts/1433/timer\": request timeout"
time="2026-09-03T08:27:08-07:00" level=warning msg="Request Failed" error="Get \"https://209.23.10.34/api/lms/attempts/1370/timer\": request timeout"
time="2026-09-03T08:27:08-07:00" level=warning msg="Request Failed" error="Get \"https://209.23.10.34/api/lms/attempts/1431/timer\": request timeout"
time="2026-09-03T08:27:08-07:00" level=warning msg="Request Failed" error="Get \"https://209.23.10.34/api/lms/attempts/1409/timer\": request timeout"
time="2026-09-03T08:27:08-07:00" level=warning msg="Request Failed" error="Get \"https://209.23.10.34/api/lms/attempts/1389/timer\": request timeout"
time="2026-09-03T08:27:08-07:00" level=warning msg="Request Failed" error="Get \"https://209.23.10.34/api/lms/attempts/1434/timer\": request timeout"

running (10m12.0s), 200/200 VUs, 446 complete and 0 interrupted iterations
students   [  36% ] 200/200 VUs  10m12.0s/28m00.0s

running (10m13.0s), 200/200 VUs, 450 complete and 0 interrupted iterations
students   [  36% ] 200/200 VUs  10m13.0s/28m00.0s

running (10m14.0s), 200/200 VUs, 453 complete and 0 interrupted iterations
students   [  37% ] 200/200 VUs  10m14.0s/28m00.0s

running (10m15.0s), 200/200 VUs, 456 complete and 0 interrupted iterations
students   [  37% ] 200/200 VUs  10m15.0s/28m00.0s

running (10m16.0s), 200/200 VUs, 461 complete and 0 interrupted iterations
students   [  37% ] 200/200 VUs  10m16.0s/28m00.0s
time="2026-09-03T08:27:13-07:00" level=warning msg="Request Failed" error="Get \"https://209.23.10.34/api/lms/attempts/1382/timer\": request timeout"

running (10m17.0s), 200/200 VUs, 462 complete and 0 interrupted iterations
students   [  37% ] 200/200 VUs  10m17.0s/28m00.0s
time="2026-09-03T08:27:14-07:00" level=warning msg="Request Failed" error="Get \"https://209.23.10.34/api/lms/attempts/1425/timer\": request timeout"

running (10m18.0s), 200/200 VUs, 470 complete and 0 interrupted iterations
students   [  37% ] 200/200 VUs  10m18.0s/28m00.0s

running (10m19.0s), 200/200 VUs, 473 complete and 0 interrupted iterations
students   [  37% ] 200/200 VUs  10m19.0s/28m00.0s

running (10m20.0s), 200/200 VUs, 475 complete and 0 interrupted iterations
students   [  37% ] 200/200 VUs  10m20.0s/28m00.0s

running (10m21.0s), 200/200 VUs, 478 complete and 0 interrupted iterations
students   [  37% ] 200/200 VUs  10m21.0s/28m00.0s
time="2026-09-03T08:27:18-07:00" level=warning msg="Request Failed" error="Get \"https://209.23.10.34/api/lms/attempts/1417/timer\": request timeout"
time="2026-09-03T08:27:18-07:00" level=warning msg="Request Failed" error="Get \"https://209.23.10.34/api/lms/attempts/1410/timer\": request timeout"
time="2026-09-03T08:27:18-07:00" level=warning msg="Request Failed" error="Get \"https://209.23.10.34/auth/logout\": request timeout"

running (10m22.0s), 200/200 VUs, 484 complete and 0 interrupted iterations
students   [  37% ] 200/200 VUs  10m22.0s/28m00.0s
time="2026-09-03T08:27:19-07:00" level=warning msg="Request Failed" error="Get \"https://209.23.10.34/api/lms/attempts/1361/timer\": request timeout"

running (10m23.0s), 200/200 VUs, 486 complete and 0 interrupted iterations
students   [  37% ] 200/200 VUs  10m23.0s/28m00.0s
time="2026-09-03T08:27:20-07:00" level=warning msg="Request Failed" error="Get \"https://209.23.10.34/api/lms/attempts/1422/timer\": request timeout"

running (10m24.0s), 200/200 VUs, 489 complete and 0 interrupted iterations
students   [  37% ] 200/200 VUs  10m24.0s/28m00.0s
time="2026-09-03T08:27:21-07:00" level=warning msg="Request Failed" error="Get \"https://209.23.10.34/api/lms/attempts/1427/timer\": request timeout"
time="2026-09-03T08:27:21-07:00" level=warning msg="Request Failed" error="Get \"https://209.23.10.34/api/lms/attempts/1405/timer\": request timeout"

running (10m25.0s), 200/200 VUs, 494 complete and 0 interrupted iterations
students   [  37% ] 200/200 VUs  10m25.0s/28m00.0s

running (10m26.0s), 200/200 VUs, 495 complete and 0 interrupted iterations
students   [  37% ] 200/200 VUs  10m26.0s/28m00.0s
time="2026-09-03T08:27:23-07:00" level=warning msg="Request Failed" error="Get \"https://209.23.10.34/api/lms/attempts/1420/timer\": request timeout"
time="2026-09-03T08:27:23-07:00" level=warning msg="Request Failed" error="Get \"https://209.23.10.34/api/lms/attempts/1424/timer\": request timeout"
time="2026-09-03T08:27:23-07:00" level=warning msg="Request Failed" error="Get \"https://209.23.10.34/api/lms/attempts/1440/timer\": request timeout"
time="2026-09-03T08:27:23-07:00" level=warning msg="Request Failed" error="Get \"https://209.23.10.34/api/lms/attempts/1426/timer\": request timeout"
time="2026-09-03T08:27:23-07:00" level=warning msg="Request Failed" error="Get \"https://209.23.10.34/api/lms/attempts/1367/timer\": request timeout"
time="2026-09-03T08:27:23-07:00" level=warning msg="Request Failed" error="Get \"https://209.23.10.34/api/lms/attempts/1398/timer\": request timeout"
time="2026-09-03T08:27:23-07:00" level=warning msg="Request Failed" error="Get \"https://209.23.10.34/api/lms/attempts/1390/timer\": request timeout"

running (10m27.0s), 200/200 VUs, 495 complete and 0 interrupted iterations
students   [  37% ] 200/200 VUs  10m27.0s/28m00.0s

running (10m28.0s), 200/200 VUs, 499 complete and 0 interrupted iterations
students   [  37% ] 200/200 VUs  10m28.0s/28m00.0s
time="2026-09-03T08:27:25-07:00" level=warning msg="Request Failed" error="Get \"https://209.23.10.34/api/lms/attempts/1415/timer\": request timeout"
time="2026-09-03T08:27:25-07:00" level=warning msg="Request Failed" error="Get \"https://209.23.10.34/api/lms/attempts/1406/timer\": request timeout"
time="2026-09-03T08:27:25-07:00" level=warning msg="Request Failed" error="Get \"https://209.23.10.34/api/lms/attempts/1395/timer\": request timeout"

running (10m29.0s), 200/200 VUs, 502 complete and 0 interrupted iterations
students   [  37% ] 200/200 VUs  10m29.0s/28m00.0s
time="2026-09-03T08:27:26-07:00" level=warning msg="Request Failed" error="Get \"https://209.23.10.34/api/lms/attempts/1428/timer\": request timeout"

running (10m30.0s), 200/200 VUs, 505 complete and 0 interrupted iterations
students   [  37% ] 200/200 VUs  10m30.0s/28m00.0s
time="2026-09-03T08:27:27-07:00" level=warning msg="Request Failed" error="Get \"https://209.23.10.34/api/lms/attempts/1419/timer\": request timeout"

running (10m31.0s), 200/200 VUs, 510 complete and 0 interrupted iterations
students   [  38% ] 200/200 VUs  10m31.0s/28m00.0s
time="2026-09-03T08:27:28-07:00" level=warning msg="Request Failed" error="Get \"https://209.23.10.34/api/lms/attempts/1436/timer\": request timeout"
time="2026-09-03T08:27:28-07:00" level=warning msg="Request Failed" error="Get \"https://209.23.10.34/api/lms/attempts/1416/timer\": request timeout"
time="2026-09-03T08:27:28-07:00" level=warning msg="Request Failed" error="Get \"https://209.23.10.34/api/lms/attempts/1443/timer\": request timeout"

running (10m32.0s), 200/200 VUs, 511 complete and 0 interrupted iterations
students   [  38% ] 200/200 VUs  10m32.0s/28m00.0s
time="2026-09-03T08:27:29-07:00" level=warning msg="Request Failed" error="Get \"https://209.23.10.34/api/lms/attempts/1429/timer\": request timeout"
time="2026-09-03T08:27:29-07:00" level=warning msg="Request Failed" error="Get \"https://209.23.10.34/api/lms/attempts/1408/timer\": request timeout"

running (10m33.0s), 200/200 VUs, 519 complete and 0 interrupted iterations
students   [  38% ] 200/200 VUs  10m33.0s/28m00.0s
time="2026-09-03T08:27:30-07:00" level=warning msg="Request Failed" error="Get \"https://209.23.10.34/api/lms/attempts/1407/timer\": request timeout"

running (10m34.0s), 200/200 VUs, 522 complete and 0 interrupted iterations
students   [  38% ] 200/200 VUs  10m34.0s/28m00.0s

running (10m35.0s), 200/200 VUs, 524 complete and 0 interrupted iterations
students   [  38% ] 200/200 VUs  10m35.0s/28m00.0s

running (10m36.0s), 200/200 VUs, 528 complete and 0 interrupted iterations
students   [  38% ] 200/200 VUs  10m36.0s/28m00.0s

running (10m37.0s), 200/200 VUs, 534 complete and 0 interrupted iterations
students   [  38% ] 200/200 VUs  10m37.0s/28m00.0s

running (10m38.0s), 200/200 VUs, 536 complete and 0 interrupted iterations
students   [  38% ] 200/200 VUs  10m38.0s/28m00.0s

running (10m39.0s), 200/200 VUs, 539 complete and 0 interrupted iterations
students   [  38% ] 200/200 VUs  10m39.0s/28m00.0s

running (10m40.0s), 200/200 VUs, 546 complete and 0 interrupted iterations
students   [  38% ] 200/200 VUs  10m40.0s/28m00.0s

running (10m41.0s), 200/200 VUs, 547 complete and 0 interrupted iterations
students   [  38% ] 200/200 VUs  10m41.0s/28m00.0s

running (10m42.0s), 200/200 VUs, 547 complete and 0 interrupted iterations
students   [  38% ] 200/200 VUs  10m42.0s/28m00.0s

running (10m43.0s), 200/200 VUs, 551 complete and 0 interrupted iterations
students   [  38% ] 200/200 VUs  10m43.0s/28m00.0s

running (10m44.0s), 200/200 VUs, 554 complete and 0 interrupted iterations
students   [  38% ] 200/200 VUs  10m44.0s/28m00.0s

running (10m45.0s), 200/200 VUs, 557 complete and 0 interrupted iterations
students   [  38% ] 200/200 VUs  10m45.0s/28m00.0s

running (10m46.0s), 200/200 VUs, 562 complete and 0 interrupted iterations
students   [  38% ] 200/200 VUs  10m46.0s/28m00.0s

running (10m47.0s), 200/200 VUs, 563 complete and 0 interrupted iterations
students   [  39% ] 200/200 VUs  10m47.0s/28m00.0s

running (10m48.0s), 200/200 VUs, 571 complete and 0 interrupted iterations
students   [  39% ] 200/200 VUs  10m48.0s/28m00.0s

running (10m49.0s), 200/200 VUs, 574 complete and 0 interrupted iterations
students   [  39% ] 200/200 VUs  10m49.0s/28m00.0s

running (10m50.0s), 200/200 VUs, 576 complete and 0 interrupted iterations
students   [  39% ] 200/200 VUs  10m50.0s/28m00.0s

running (10m51.0s), 200/200 VUs, 580 complete and 0 interrupted iterations
students   [  39% ] 200/200 VUs  10m51.0s/28m00.0s

running (10m52.0s), 200/200 VUs, 586 complete and 0 interrupted iterations
students   [  39% ] 200/200 VUs  10m52.0s/28m00.0s

running (10m53.0s), 200/200 VUs, 588 complete and 0 interrupted iterations
students   [  39% ] 200/200 VUs  10m53.0s/28m00.0s

running (10m54.0s), 200/200 VUs, 591 complete and 0 interrupted iterations
students   [  39% ] 200/200 VUs  10m54.0s/28m00.0s

running (10m55.0s), 200/200 VUs, 598 complete and 0 interrupted iterations
students   [  39% ] 200/200 VUs  10m55.0s/28m00.0s

running (10m56.0s), 200/200 VUs, 599 complete and 0 interrupted iterations
students   [  39% ] 200/200 VUs  10m56.0s/28m00.0s

running (10m57.0s), 200/200 VUs, 599 complete and 0 interrupted iterations
students   [  39% ] 200/200 VUs  10m57.0s/28m00.0s

running (10m58.0s), 200/200 VUs, 603 complete and 0 interrupted iterations
students   [  39% ] 200/200 VUs  10m58.0s/28m00.0s

running (10m59.0s), 200/200 VUs, 608 complete and 0 interrupted iterations
students   [  39% ] 200/200 VUs  10m59.0s/28m00.0s

running (11m00.0s), 200/200 VUs, 611 complete and 0 interrupted iterations
students   [  39% ] 200/200 VUs  11m00.0s/28m00.0s

running (11m01.0s), 200/200 VUs, 616 complete and 0 interrupted iterations
students   [  39% ] 200/200 VUs  11m01.0s/28m00.0s

running (11m02.0s), 200/200 VUs, 618 complete and 0 interrupted iterations
students   [  39% ] 200/200 VUs  11m02.0s/28m00.0s

running (11m03.0s), 200/200 VUs, 626 complete and 0 interrupted iterations
students   [  39% ] 200/200 VUs  11m03.0s/28m00.0s

running (11m04.0s), 200/200 VUs, 629 complete and 0 interrupted iterations
students   [  40% ] 200/200 VUs  11m04.0s/28m00.0s

running (11m05.0s), 200/200 VUs, 631 complete and 0 interrupted iterations
students   [  40% ] 200/200 VUs  11m05.0s/28m00.0s

running (11m06.0s), 200/200 VUs, 637 complete and 0 interrupted iterations
students   [  40% ] 200/200 VUs  11m06.0s/28m00.0s

running (11m07.0s), 200/200 VUs, 644 complete and 0 interrupted iterations
students   [  40% ] 200/200 VUs  11m07.0s/28m00.0s

running (11m08.0s), 200/200 VUs, 646 complete and 0 interrupted iterations
students   [  40% ] 200/200 VUs  11m08.0s/28m00.0s

running (11m09.0s), 200/200 VUs, 650 complete and 0 interrupted iterations
students   [  40% ] 200/200 VUs  11m09.0s/28m00.0s

running (11m10.0s), 200/200 VUs, 657 complete and 0 interrupted iterations
students   [  40% ] 200/200 VUs  11m10.0s/28m00.0s

running (11m11.0s), 200/200 VUs, 658 complete and 0 interrupted iterations
students   [  40% ] 200/200 VUs  11m11.0s/28m00.0s

running (11m12.0s), 200/200 VUs, 658 complete and 0 interrupted iterations
students   [  40% ] 200/200 VUs  11m12.0s/28m00.0s

running (11m13.0s), 200/200 VUs, 662 complete and 0 interrupted iterations
students   [  40% ] 200/200 VUs  11m13.0s/28m00.0s

running (11m14.0s), 200/200 VUs, 667 complete and 0 interrupted iterations
students   [  40% ] 200/200 VUs  11m14.0s/28m00.0s

running (11m15.0s), 200/200 VUs, 670 complete and 0 interrupted iterations
students   [  40% ] 200/200 VUs  11m15.0s/28m00.0s

running (11m16.0s), 200/200 VUs, 675 complete and 0 interrupted iterations
students   [  40% ] 200/200 VUs  11m16.0s/28m00.0s

running (11m17.0s), 200/200 VUs, 677 complete and 0 interrupted iterations
students   [  40% ] 200/200 VUs  11m17.0s/28m00.0s

running (11m18.0s), 200/200 VUs, 685 complete and 0 interrupted iterations
students   [  40% ] 200/200 VUs  11m18.0s/28m00.0s

running (11m19.0s), 200/200 VUs, 688 complete and 0 interrupted iterations
students   [  40% ] 200/200 VUs  11m19.0s/28m00.0s

running (11m20.0s), 200/200 VUs, 691 complete and 0 interrupted iterations
students   [  40% ] 200/200 VUs  11m20.0s/28m00.0s

running (11m21.0s), 200/200 VUs, 697 complete and 0 interrupted iterations
students   [  41% ] 200/200 VUs  11m21.0s/28m00.0s

running (11m22.0s), 200/200 VUs, 704 complete and 0 interrupted iterations
students   [  41% ] 200/200 VUs  11m22.0s/28m00.0s

running (11m23.0s), 200/200 VUs, 706 complete and 0 interrupted iterations
students   [  41% ] 200/200 VUs  11m23.0s/28m00.0s

running (11m24.0s), 200/200 VUs, 710 complete and 0 interrupted iterations
students   [  41% ] 200/200 VUs  11m24.0s/28m00.0s

running (11m25.0s), 200/200 VUs, 717 complete and 0 interrupted iterations
students   [  41% ] 200/200 VUs  11m25.0s/28m00.0s

running (11m26.0s), 200/200 VUs, 718 complete and 0 interrupted iterations
students   [  41% ] 200/200 VUs  11m26.0s/28m00.0s

running (11m27.0s), 200/200 VUs, 718 complete and 0 interrupted iterations
students   [  41% ] 200/200 VUs  11m27.0s/28m00.0s

running (11m28.0s), 200/200 VUs, 722 complete and 0 interrupted iterations
students   [  41% ] 200/200 VUs  11m28.0s/28m00.0s
time="2026-09-03T08:28:25-07:00" level=warning msg="Request Failed" error="Get \"https://209.23.10.34/api/lms/attempts/1373/timer\": request timeout"

running (11m29.0s), 200/200 VUs, 727 complete and 0 interrupted iterations
students   [  41% ] 200/200 VUs  11m29.0s/28m00.0s

running (11m30.0s), 200/200 VUs, 731 complete and 0 interrupted iterations
students   [  41% ] 200/200 VUs  11m30.0s/28m00.0s

running (11m31.0s), 200/200 VUs, 736 complete and 0 interrupted iterations
students   [  41% ] 200/200 VUs  11m31.0s/28m00.0s
time="2026-09-03T08:28:28-07:00" level=warning msg="Request Failed" error="Get \"https://209.23.10.34/api/lms/attempts/1408/timer\": request timeout"
time="2026-09-03T08:28:28-07:00" level=warning msg="Request Failed" error="Get \"https://209.23.10.34/api/lms/attempts/1406/timer\": request timeout"

running (11m32.0s), 200/200 VUs, 739 complete and 0 interrupted iterations
students   [  41% ] 200/200 VUs  11m32.0s/28m00.0s
time="2026-09-03T08:28:29-07:00" level=warning msg="Request Failed" error="Get \"https://209.23.10.34/api/lms/attempts/1433/timer\": request timeout"
time="2026-09-03T08:28:29-07:00" level=warning msg="Request Failed" error="Get \"https://209.23.10.34/api/lms/attempts/1425/timer\": request timeout"

running (11m33.0s), 200/200 VUs, 747 complete and 0 interrupted iterations
students   [  41% ] 200/200 VUs  11m33.0s/28m00.0s
time="2026-09-03T08:28:30-07:00" level=warning msg="Request Failed" error="Get \"https://209.23.10.34/api/lms/attempts/1438/timer\": request timeout"
time="2026-09-03T08:28:30-07:00" level=warning msg="Request Failed" error="Get \"https://209.23.10.34/api/lms/attempts/1422/timer\": request timeout"
time="2026-09-03T08:28:30-07:00" level=warning msg="Request Failed" error="Get \"https://209.23.10.34/api/lms/attempts/1410/timer\": request timeout"

running (11m34.0s), 200/200 VUs, 750 complete and 0 interrupted iterations
students   [  41% ] 200/200 VUs  11m34.0s/28m00.0s

running (11m35.0s), 200/200 VUs, 753 complete and 0 interrupted iterations
students   [  41% ] 200/200 VUs  11m35.0s/28m00.0s

running (11m36.0s), 200/200 VUs, 759 complete and 0 interrupted iterations
students   [  41% ] 200/200 VUs  11m36.0s/28m00.0s
time="2026-09-03T08:28:32-07:00" level=warning msg="Request Failed" error="Get \"https://209.23.10.34/api/lms/attempts/1420/timer\": request timeout"

running (11m37.0s), 200/200 VUs, 766 complete and 0 interrupted iterations
students   [  41% ] 200/200 VUs  11m37.0s/28m00.0s

running (11m38.0s), 200/200 VUs, 769 complete and 0 interrupted iterations
students   [  42% ] 200/200 VUs  11m38.0s/28m00.0s
time="2026-09-03T08:28:34-07:00" level=warning msg="Request Failed" error="Get \"https://209.23.10.34/api/lms/attempts/1443/timer\": request timeout"
time="2026-09-03T08:28:35-07:00" level=warning msg="Request Failed" error="Get \"https://209.23.10.34/api/lms/attempts/1434/timer\": request timeout"
time="2026-09-03T08:28:35-07:00" level=warning msg="Request Failed" error="Get \"https://209.23.10.34/api/lms/attempts/1437/timer\": request timeout"

running (11m39.0s), 200/200 VUs, 773 complete and 0 interrupted iterations
students   [  42% ] 200/200 VUs  11m39.0s/28m00.0s
time="2026-09-03T08:28:36-07:00" level=warning msg="Request Failed" error="Get \"https://209.23.10.34/api/lms/attempts/1436/timer\": request timeout"
time="2026-09-03T08:28:36-07:00" level=warning msg="Request Failed" error="Get \"https://209.23.10.34/api/lms/attempts/1426/timer\": request timeout"

running (11m40.0s), 200/200 VUs, 780 complete and 0 interrupted iterations
students   [  42% ] 200/200 VUs  11m40.0s/28m00.0s
time="2026-09-03T08:28:37-07:00" level=warning msg="Request Failed" error="Get \"https://209.23.10.34/api/lms/attempts/1429/timer\": request timeout"

running (11m41.0s), 200/200 VUs, 781 complete and 0 interrupted iterations
students   [  42% ] 200/200 VUs  11m41.0s/28m00.0s
time="2026-09-03T08:28:38-07:00" level=warning msg="Request Failed" error="Get \"https://209.23.10.34/api/lms/attempts/1427/timer\": request timeout"
time="2026-09-03T08:28:38-07:00" level=warning msg="Request Failed" error="Get \"https://209.23.10.34/api/lms/attempts/1407/timer\": request timeout"

running (11m42.0s), 200/200 VUs, 781 complete and 0 interrupted iterations
students   [  42% ] 200/200 VUs  11m42.0s/28m00.0s

running (11m43.0s), 200/200 VUs, 785 complete and 0 interrupted iterations
students   [  42% ] 200/200 VUs  11m43.0s/28m00.0s
time="2026-09-03T08:28:40-07:00" level=warning msg="Request Failed" error="Get \"https://209.23.10.34/api/lms/attempts/1412/timer\": request timeout"

running (11m44.0s), 200/200 VUs, 790 complete and 0 interrupted iterations
students   [  42% ] 200/200 VUs  11m44.0s/28m00.0s

running (11m45.0s), 200/200 VUs, 794 complete and 0 interrupted iterations
students   [  42% ] 200/200 VUs  11m45.0s/28m00.0s

running (11m46.0s), 200/200 VUs, 799 complete and 0 interrupted iterations
students   [  42% ] 200/200 VUs  11m46.0s/28m00.0s

running (11m47.0s), 200/200 VUs, 802 complete and 0 interrupted iterations
students   [  42% ] 200/200 VUs  11m47.0s/28m00.0s

running (11m48.0s), 200/200 VUs, 810 complete and 0 interrupted iterations
students   [  42% ] 200/200 VUs  11m48.0s/28m00.0s

running (11m49.0s), 200/200 VUs, 813 complete and 0 interrupted iterations
students   [  42% ] 200/200 VUs  11m49.0s/28m00.0s

running (11m50.0s), 200/200 VUs, 816 complete and 0 interrupted iterations
students   [  42% ] 200/200 VUs  11m50.0s/28m00.0s

running (11m51.0s), 200/200 VUs, 822 complete and 0 interrupted iterations
students   [  42% ] 200/200 VUs  11m51.0s/28m00.0s

running (11m52.0s), 200/200 VUs, 829 complete and 0 interrupted iterations
students   [  42% ] 200/200 VUs  11m52.0s/28m00.0s
time="2026-09-03T08:28:49-07:00" level=warning msg="Request Failed" error="Get \"https://209.23.10.34/api/lms/attempts/1414/timer\": request timeout"

running (11m53.0s), 200/200 VUs, 833 complete and 0 interrupted iterations
students   [  42% ] 200/200 VUs  11m53.0s/28m00.0s

running (11m54.0s), 200/200 VUs, 837 complete and 0 interrupted iterations
students   [  42% ] 200/200 VUs  11m54.0s/28m00.0s

running (11m55.0s), 200/200 VUs, 844 complete and 0 interrupted iterations
students   [  43% ] 200/200 VUs  11m55.0s/28m00.0s

running (11m56.0s), 200/200 VUs, 845 complete and 0 interrupted iterations
students   [  43% ] 200/200 VUs  11m56.0s/28m00.0s
time="2026-09-03T08:28:53-07:00" level=warning msg="Request Failed" error="Get \"https://209.23.10.34/api/lms/attempts/1409/timer\": request timeout"

running (11m57.0s), 200/200 VUs, 845 complete and 0 interrupted iterations
students   [  43% ] 200/200 VUs  11m57.0s/28m00.0s

running (11m58.0s), 200/200 VUs, 849 complete and 0 interrupted iterations
students   [  43% ] 200/200 VUs  11m58.0s/28m00.0s

running (11m59.0s), 200/200 VUs, 854 complete and 0 interrupted iterations
students   [  43% ] 200/200 VUs  11m59.0s/28m00.0s

running (12m00.0s), 200/200 VUs, 858 complete and 0 interrupted iterations
students   [  43% ] 200/200 VUs  12m00.0s/28m00.0s
time="2026-09-03T08:28:57-07:00" level=warning msg="Request Failed" error="Get \"https://209.23.10.34/api/lms/attempts/1413/timer\": request timeout"
time="2026-09-03T08:28:57-07:00" level=warning msg="Request Failed" error="Get \"https://209.23.10.34/api/lms/attempts/1441/timer\": request timeout"
time="2026-09-03T08:28:57-07:00" level=warning msg="Request Failed" error="Get \"https://209.23.10.34/api/lms/attempts/1417/timer\": request timeout"

running (12m01.0s), 200/200 VUs, 863 complete and 0 interrupted iterations
students   [  43% ] 200/200 VUs  12m01.0s/28m00.0s
time="2026-09-03T08:28:58-07:00" level=warning msg="Request Failed" error="Get \"https://209.23.10.34/api/lms/attempts/1411/timer\": request timeout"

running (12m02.0s), 200/200 VUs, 866 complete and 0 interrupted iterations
students   [  43% ] 200/200 VUs  12m02.0s/28m00.0s
time="2026-09-03T08:28:59-07:00" level=warning msg="Request Failed" error="Post \"https://209.23.10.34/api/lms/deficiency/sessions\": request timeout"
time="2026-09-03T08:28:59-07:00" level=warning msg="Request Failed" error="Get \"https://209.23.10.34/api/lms/attempts/1440/timer\": request timeout"

running (12m03.0s), 200/200 VUs, 875 complete and 0 interrupted iterations
students   [  43% ] 200/200 VUs  12m03.0s/28m00.0s

running (12m04.0s), 200/200 VUs, 882 complete and 0 interrupted iterations
students   [  43% ] 200/200 VUs  12m04.0s/28m00.0s

running (12m05.0s), 200/200 VUs, 885 complete and 0 interrupted iterations
students   [  43% ] 200/200 VUs  12m05.0s/28m00.0s

running (12m06.0s), 200/200 VUs, 891 complete and 0 interrupted iterations
students   [  43% ] 200/200 VUs  12m06.0s/28m00.0s

running (12m07.0s), 200/200 VUs, 898 complete and 0 interrupted iterations
students   [  43% ] 200/200 VUs  12m07.0s/28m00.0s

running (12m08.0s), 200/200 VUs, 902 complete and 0 interrupted iterations
students   [  43% ] 200/200 VUs  12m08.0s/28m00.0s

running (12m09.0s), 200/200 VUs, 906 complete and 0 interrupted iterations
students   [  43% ] 200/200 VUs  12m09.0s/28m00.0s

running (12m10.0s), 200/200 VUs, 913 complete and 0 interrupted iterations
students   [  43% ] 200/200 VUs  12m10.0s/28m00.0s

running (12m11.0s), 200/200 VUs, 914 complete and 0 interrupted iterations
students   [  44% ] 200/200 VUs  12m11.0s/28m00.0s

running (12m12.0s), 200/200 VUs, 914 complete and 0 interrupted iterations
students   [  44% ] 200/200 VUs  12m12.0s/28m00.0s

running (12m13.0s), 200/200 VUs, 918 complete and 0 interrupted iterations
students   [  44% ] 200/200 VUs  12m13.0s/28m00.0s

running (12m14.0s), 200/200 VUs, 923 complete and 0 interrupted iterations
students   [  44% ] 200/200 VUs  12m14.0s/28m00.0s

running (12m15.0s), 200/200 VUs, 927 complete and 0 interrupted iterations
students   [  44% ] 200/200 VUs  12m15.0s/28m00.0s

running (12m16.0s), 200/200 VUs, 933 complete and 0 interrupted iterations
students   [  44% ] 200/200 VUs  12m16.0s/28m00.0s

running (12m17.0s), 200/200 VUs, 936 complete and 0 interrupted iterations
students   [  44% ] 200/200 VUs  12m17.0s/28m00.0s

running (12m18.0s), 200/200 VUs, 945 complete and 0 interrupted iterations
students   [  44% ] 200/200 VUs  12m18.0s/28m00.0s

running (12m19.0s), 200/200 VUs, 952 complete and 0 interrupted iterations
students   [  44% ] 200/200 VUs  12m19.0s/28m00.0s

running (12m20.0s), 200/200 VUs, 955 complete and 0 interrupted iterations
students   [  44% ] 200/200 VUs  12m20.0s/28m00.0s

running (12m21.0s), 200/200 VUs, 961 complete and 0 interrupted iterations
students   [  44% ] 200/200 VUs  12m21.0s/28m00.0s

running (12m22.0s), 200/200 VUs, 968 complete and 0 interrupted iterations
students   [  44% ] 200/200 VUs  12m22.0s/28m00.0s

running (12m23.0s), 200/200 VUs, 972 complete and 0 interrupted iterations
students   [  44% ] 200/200 VUs  12m23.0s/28m00.0s

running (12m24.0s), 200/200 VUs, 976 complete and 0 interrupted iterations
students   [  44% ] 200/200 VUs  12m24.0s/28m00.0s

running (12m25.0s), 200/200 VUs, 983 complete and 0 interrupted iterations
students   [  44% ] 200/200 VUs  12m25.0s/28m00.0s

running (12m26.0s), 200/200 VUs, 984 complete and 0 interrupted iterations
students   [  44% ] 200/200 VUs  12m26.0s/28m00.0s

running (12m27.0s), 200/200 VUs, 984 complete and 0 interrupted iterations
students   [  44% ] 200/200 VUs  12m27.0s/28m00.0s

running (12m28.0s), 200/200 VUs, 988 complete and 0 interrupted iterations
students   [  45% ] 200/200 VUs  12m28.0s/28m00.0s

running (12m29.0s), 200/200 VUs, 995 complete and 0 interrupted iterations
students   [  45% ] 200/200 VUs  12m29.0s/28m00.0s

running (12m30.0s), 200/200 VUs, 999 complete and 0 interrupted iterations
students   [  45% ] 200/200 VUs  12m30.0s/28m00.0s

running (12m31.0s), 200/200 VUs, 1005 complete and 0 interrupted iterations
students   [  45% ] 200/200 VUs  12m31.0s/28m00.0s

running (12m32.0s), 200/200 VUs, 1008 complete and 0 interrupted iterations
students   [  45% ] 200/200 VUs  12m32.0s/28m00.0s

running (12m33.0s), 200/200 VUs, 1017 complete and 0 interrupted iterations
students   [  45% ] 200/200 VUs  12m33.0s/28m00.0s

running (12m34.0s), 200/200 VUs, 1026 complete and 0 interrupted iterations
students   [  45% ] 200/200 VUs  12m34.0s/28m00.0s

running (12m35.0s), 200/200 VUs, 1030 complete and 0 interrupted iterations
students   [  45% ] 200/200 VUs  12m35.0s/28m00.0s

running (12m36.0s), 200/200 VUs, 1038 complete and 0 interrupted iterations
students   [  45% ] 200/200 VUs  12m36.0s/28m00.0s

running (12m37.0s), 200/200 VUs, 1047 complete and 0 interrupted iterations
students   [  45% ] 200/200 VUs  12m37.0s/28m00.0s

running (12m38.0s), 200/200 VUs, 1052 complete and 0 interrupted iterations
students   [  45% ] 200/200 VUs  12m38.0s/28m00.0s

running (12m39.0s), 200/200 VUs, 1056 complete and 0 interrupted iterations
students   [  45% ] 200/200 VUs  12m39.0s/28m00.0s

running (12m40.0s), 200/200 VUs, 1063 complete and 0 interrupted iterations
students   [  45% ] 200/200 VUs  12m40.0s/28m00.0s

running (12m41.0s), 200/200 VUs, 1065 complete and 0 interrupted iterations
students   [  45% ] 200/200 VUs  12m41.0s/28m00.0s

running (12m42.0s), 200/200 VUs, 1065 complete and 0 interrupted iterations
students   [  45% ] 200/200 VUs  12m42.0s/28m00.0s

running (12m43.0s), 200/200 VUs, 1070 complete and 0 interrupted iterations
students   [  45% ] 200/200 VUs  12m43.0s/28m00.0s

running (12m44.0s), 200/200 VUs, 1077 complete and 0 interrupted iterations
students   [  45% ] 200/200 VUs  12m44.0s/28m00.0s

running (12m45.0s), 200/200 VUs, 1082 complete and 0 interrupted iterations
students   [  46% ] 200/200 VUs  12m45.0s/28m00.0s

running (12m46.0s), 200/200 VUs, 1089 complete and 0 interrupted iterations
students   [  46% ] 200/200 VUs  12m46.0s/28m00.0s

running (12m47.0s), 200/200 VUs, 1092 complete and 0 interrupted iterations
students   [  46% ] 200/200 VUs  12m47.0s/28m00.0s

running (12m48.0s), 200/200 VUs, 1101 complete and 0 interrupted iterations
students   [  46% ] 200/200 VUs  12m48.0s/28m00.0s

running (12m49.0s), 200/200 VUs, 1110 complete and 0 interrupted iterations
students   [  46% ] 200/200 VUs  12m49.0s/28m00.0s

running (12m50.0s), 200/200 VUs, 1115 complete and 0 interrupted iterations
students   [  46% ] 200/200 VUs  12m50.0s/28m00.0s

running (12m51.0s), 200/200 VUs, 1123 complete and 0 interrupted iterations
students   [  46% ] 200/200 VUs  12m51.0s/28m00.0s

running (12m52.0s), 200/200 VUs, 1134 complete and 0 interrupted iterations
students   [  46% ] 200/200 VUs  12m52.0s/28m00.0s

running (12m53.0s), 200/200 VUs, 1139 complete and 0 interrupted iterations
students   [  46% ] 200/200 VUs  12m53.0s/28m00.0s

running (12m54.0s), 200/200 VUs, 1143 complete and 0 interrupted iterations
students   [  46% ] 200/200 VUs  12m54.0s/28m00.0s

running (12m55.0s), 200/200 VUs, 1152 complete and 0 interrupted iterations
students   [  46% ] 200/200 VUs  12m55.0s/28m00.0s

running (12m56.0s), 200/200 VUs, 1154 complete and 0 interrupted iterations
students   [  46% ] 200/200 VUs  12m56.0s/28m00.0s

running (12m57.0s), 200/200 VUs, 1154 complete and 0 interrupted iterations
students   [  46% ] 200/200 VUs  12m57.0s/28m00.0s

running (12m58.0s), 200/200 VUs, 1160 complete and 0 interrupted iterations
students   [  46% ] 200/200 VUs  12m58.0s/28m00.0s

running (12m59.0s), 200/200 VUs, 1169 complete and 0 interrupted iterations
students   [  46% ] 200/200 VUs  12m59.0s/28m00.0s

running (13m00.0s), 200/200 VUs, 1174 complete and 0 interrupted iterations
students   [  46% ] 200/200 VUs  13m00.0s/28m00.0s

running (13m01.0s), 200/200 VUs, 1181 complete and 0 interrupted iterations
students   [  46% ] 200/200 VUs  13m01.0s/28m00.0s

running (13m02.0s), 200/200 VUs, 1184 complete and 0 interrupted iterations
students   [  47% ] 200/200 VUs  13m02.0s/28m00.0s

running (13m03.0s), 200/200 VUs, 1192 complete and 0 interrupted iterations
students   [  47% ] 200/200 VUs  13m03.0s/28m00.0s

running (13m04.0s), 200/200 VUs, 1202 complete and 0 interrupted iterations
students   [  47% ] 200/200 VUs  13m04.0s/28m00.0s

running (13m05.0s), 200/200 VUs, 1207 complete and 0 interrupted iterations
students   [  47% ] 200/200 VUs  13m05.0s/28m00.0s

running (13m06.0s), 200/200 VUs, 1215 complete and 0 interrupted iterations
students   [  47% ] 200/200 VUs  13m06.0s/28m00.0s

running (13m07.0s), 200/200 VUs, 1227 complete and 0 interrupted iterations
students   [  47% ] 200/200 VUs  13m07.0s/28m00.0s

running (13m08.0s), 200/200 VUs, 1232 complete and 0 interrupted iterations
students   [  47% ] 200/200 VUs  13m08.0s/28m00.0s

running (13m09.0s), 200/200 VUs, 1236 complete and 0 interrupted iterations
students   [  47% ] 200/200 VUs  13m09.0s/28m00.0s

running (13m10.0s), 200/200 VUs, 1246 complete and 0 interrupted iterations
students   [  47% ] 200/200 VUs  13m10.0s/28m00.0s

running (13m11.0s), 200/200 VUs, 1248 complete and 0 interrupted iterations
students   [  47% ] 200/200 VUs  13m11.0s/28m00.0s

running (13m12.0s), 200/200 VUs, 1248 complete and 0 interrupted iterations
students   [  47% ] 200/200 VUs  13m12.0s/28m00.0s

running (13m13.0s), 200/200 VUs, 1254 complete and 0 interrupted iterations
students   [  47% ] 200/200 VUs  13m13.0s/28m00.0s

running (13m14.0s), 200/200 VUs, 1264 complete and 0 interrupted iterations
students   [  47% ] 200/200 VUs  13m14.0s/28m00.0s

running (13m15.0s), 200/200 VUs, 1270 complete and 0 interrupted iterations
students   [  47% ] 200/200 VUs  13m15.0s/28m00.0s

running (13m16.0s), 200/200 VUs, 1278 complete and 0 interrupted iterations
students   [  47% ] 200/200 VUs  13m16.0s/28m00.0s

running (13m17.0s), 200/200 VUs, 1282 complete and 0 interrupted iterations
students   [  47% ] 200/200 VUs  13m17.0s/28m00.0s

running (13m18.0s), 200/200 VUs, 1291 complete and 0 interrupted iterations
students   [  47% ] 200/200 VUs  13m18.0s/28m00.0s

running (13m19.0s), 200/200 VUs, 1301 complete and 0 interrupted iterations
students   [  48% ] 200/200 VUs  13m19.0s/28m00.0s

running (13m20.0s), 200/200 VUs, 1306 complete and 0 interrupted iterations
students   [  48% ] 200/200 VUs  13m20.0s/28m00.0s

running (13m21.0s), 200/200 VUs, 1314 complete and 0 interrupted iterations
students   [  48% ] 200/200 VUs  13m21.0s/28m00.0s

running (13m22.0s), 200/200 VUs, 1326 complete and 0 interrupted iterations
students   [  48% ] 200/200 VUs  13m22.0s/28m00.0s

running (13m23.0s), 200/200 VUs, 1331 complete and 0 interrupted iterations
students   [  48% ] 200/200 VUs  13m23.0s/28m00.0s

running (13m24.0s), 200/200 VUs, 1335 complete and 0 interrupted iterations
students   [  48% ] 200/200 VUs  13m24.0s/28m00.0s

running (13m25.0s), 200/200 VUs, 1345 complete and 0 interrupted iterations
students   [  48% ] 200/200 VUs  13m25.0s/28m00.0s

running (13m26.0s), 200/200 VUs, 1348 complete and 0 interrupted iterations
students   [  48% ] 200/200 VUs  13m26.0s/28m00.0s

running (13m27.0s), 200/200 VUs, 1348 complete and 0 interrupted iterations
students   [  48% ] 200/200 VUs  13m27.0s/28m00.0s

running (13m28.0s), 200/200 VUs, 1354 complete and 0 interrupted iterations
students   [  48% ] 200/200 VUs  13m28.0s/28m00.0s

running (13m29.0s), 200/200 VUs, 1364 complete and 0 interrupted iterations
students   [  48% ] 200/200 VUs  13m29.0s/28m00.0s

running (13m30.0s), 200/200 VUs, 1370 complete and 0 interrupted iterations
students   [  48% ] 200/200 VUs  13m30.0s/28m00.0s

running (13m31.0s), 200/200 VUs, 1378 complete and 0 interrupted iterations
students   [  48% ] 200/200 VUs  13m31.0s/28m00.0s

running (13m32.0s), 200/200 VUs, 1382 complete and 0 interrupted iterations
students   [  48% ] 200/200 VUs  13m32.0s/28m00.0s

running (13m33.0s), 200/200 VUs, 1400 complete and 0 interrupted iterations
students   [  48% ] 200/200 VUs  13m33.0s/28m00.0s

running (13m34.0s), 200/200 VUs, 1413 complete and 0 interrupted iterations
students   [  48% ] 200/200 VUs  13m34.0s/28m00.0s

running (13m35.0s), 200/200 VUs, 1421 complete and 0 interrupted iterations
students   [  49% ] 200/200 VUs  13m35.0s/28m00.0s

running (13m36.0s), 200/200 VUs, 1430 complete and 0 interrupted iterations
students   [  49% ] 200/200 VUs  13m36.0s/28m00.0s

running (13m37.0s), 200/200 VUs, 1443 complete and 0 interrupted iterations
students   [  49% ] 200/200 VUs  13m37.0s/28m00.0s

running (13m38.0s), 200/200 VUs, 1449 complete and 0 interrupted iterations
students   [  49% ] 200/200 VUs  13m38.0s/28m00.0s

running (13m39.0s), 200/200 VUs, 1455 complete and 0 interrupted iterations
students   [  49% ] 200/200 VUs  13m39.0s/28m00.0s

running (13m40.0s), 200/200 VUs, 1466 complete and 0 interrupted iterations
students   [  49% ] 200/200 VUs  13m40.0s/28m00.0s

running (13m41.0s), 200/200 VUs, 1470 complete and 0 interrupted iterations
students   [  49% ] 200/200 VUs  13m41.0s/28m00.0s

running (13m42.0s), 200/200 VUs, 1470 complete and 0 interrupted iterations
students   [  49% ] 200/200 VUs  13m42.0s/28m00.0s

running (13m43.0s), 200/200 VUs, 1476 complete and 0 interrupted iterations
students   [  49% ] 200/200 VUs  13m43.0s/28m00.0s

running (13m44.0s), 200/200 VUs, 1488 complete and 0 interrupted iterations
students   [  49% ] 200/200 VUs  13m44.0s/28m00.0s

running (13m45.0s), 200/200 VUs, 1494 complete and 0 interrupted iterations
students   [  49% ] 200/200 VUs  13m45.0s/28m00.0s

running (13m46.0s), 200/200 VUs, 1503 complete and 0 interrupted iterations
students   [  49% ] 200/200 VUs  13m46.0s/28m00.0s

running (13m47.0s), 200/200 VUs, 1509 complete and 0 interrupted iterations
students   [  49% ] 200/200 VUs  13m47.0s/28m00.0s

running (13m48.0s), 200/200 VUs, 1526 complete and 0 interrupted iterations
students   [  49% ] 200/200 VUs  13m48.0s/28m00.0s

running (13m49.0s), 200/200 VUs, 1544 complete and 0 interrupted iterations
students   [  49% ] 200/200 VUs  13m49.0s/28m00.0s

running (13m50.0s), 200/200 VUs, 1553 complete and 0 interrupted iterations
students   [  49% ] 200/200 VUs  13m50.0s/28m00.0s

running (13m51.0s), 200/200 VUs, 1563 complete and 0 interrupted iterations
students   [  49% ] 200/200 VUs  13m51.0s/28m00.0s

running (13m52.0s), 200/200 VUs, 1576 complete and 0 interrupted iterations
students   [  50% ] 200/200 VUs  13m52.0s/28m00.0s

running (13m53.0s), 200/200 VUs, 1583 complete and 0 interrupted iterations
students   [  50% ] 200/200 VUs  13m53.0s/28m00.0s

running (13m54.0s), 200/200 VUs, 1589 complete and 0 interrupted iterations
students   [  50% ] 200/200 VUs  13m54.0s/28m00.0s

running (13m55.0s), 200/200 VUs, 1601 complete and 0 interrupted iterations
students   [  50% ] 200/200 VUs  13m55.0s/28m00.0s

running (13m56.0s), 200/200 VUs, 1605 complete and 0 interrupted iterations
students   [  50% ] 200/200 VUs  13m56.0s/28m00.0s

running (13m57.0s), 200/200 VUs, 1605 complete and 0 interrupted iterations
students   [  50% ] 200/200 VUs  13m57.0s/28m00.0s

running (13m58.0s), 200/200 VUs, 1611 complete and 0 interrupted iterations
students   [  50% ] 200/200 VUs  13m58.0s/28m00.0s

running (13m59.0s), 200/200 VUs, 1623 complete and 0 interrupted iterations
students   [  50% ] 200/200 VUs  13m59.0s/28m00.0s

running (14m00.0s), 200/200 VUs, 1629 complete and 0 interrupted iterations
students   [  50% ] 200/200 VUs  14m00.0s/28m00.0s

running (14m01.0s), 200/200 VUs, 1639 complete and 0 interrupted iterations
students   [  50% ] 200/200 VUs  14m01.0s/28m00.0s

running (14m02.0s), 200/200 VUs, 1646 complete and 0 interrupted iterations
students   [  50% ] 200/200 VUs  14m02.0s/28m00.0s

running (14m03.0s), 200/200 VUs, 1665 complete and 0 interrupted iterations
students   [  50% ] 200/200 VUs  14m03.0s/28m00.0s

running (14m04.0s), 200/200 VUs, 1684 complete and 0 interrupted iterations
students   [  50% ] 200/200 VUs  14m04.0s/28m00.0s

running (14m05.0s), 200/200 VUs, 1693 complete and 0 interrupted iterations
students   [  50% ] 200/200 VUs  14m05.0s/28m00.0s

running (14m06.0s), 200/200 VUs, 1707 complete and 0 interrupted iterations
students   [  50% ] 200/200 VUs  14m06.0s/28m00.0s

running (14m07.0s), 200/200 VUs, 1722 complete and 0 interrupted iterations
students   [  50% ] 200/200 VUs  14m07.0s/28m00.0s

running (14m08.0s), 200/200 VUs, 1730 complete and 0 interrupted iterations
students   [  50% ] 200/200 VUs  14m08.0s/28m00.0s

running (14m09.0s), 200/200 VUs, 1736 complete and 0 interrupted iterations
students   [  51% ] 200/200 VUs  14m09.0s/28m00.0s

running (14m10.0s), 200/200 VUs, 1749 complete and 0 interrupted iterations
students   [  51% ] 200/200 VUs  14m10.0s/28m00.0s

running (14m11.0s), 200/200 VUs, 1756 complete and 0 interrupted iterations
students   [  51% ] 200/200 VUs  14m11.0s/28m00.0s

running (14m12.0s), 200/200 VUs, 1757 complete and 0 interrupted iterations
students   [  51% ] 200/200 VUs  14m12.0s/28m00.0s

running (14m13.0s), 200/200 VUs, 1764 complete and 0 interrupted iterations
students   [  51% ] 200/200 VUs  14m13.0s/28m00.0s

running (14m14.0s), 200/200 VUs, 1776 complete and 0 interrupted iterations
students   [  51% ] 200/200 VUs  14m14.0s/28m00.0s

running (14m15.0s), 200/200 VUs, 1782 complete and 0 interrupted iterations
students   [  51% ] 200/200 VUs  14m15.0s/28m00.0s

running (14m16.0s), 200/200 VUs, 1794 complete and 0 interrupted iterations
students   [  51% ] 200/200 VUs  14m16.0s/28m00.0s

running (14m17.0s), 200/200 VUs, 1803 complete and 0 interrupted iterations
students   [  51% ] 200/200 VUs  14m17.0s/28m00.0s

running (14m18.0s), 200/200 VUs, 1823 complete and 0 interrupted iterations
students   [  51% ] 200/200 VUs  14m18.0s/28m00.0s

running (14m19.0s), 200/200 VUs, 1845 complete and 0 interrupted iterations
students   [  51% ] 200/200 VUs  14m19.0s/28m00.0s

running (14m20.0s), 200/200 VUs, 1854 complete and 0 interrupted iterations
students   [  51% ] 200/200 VUs  14m20.0s/28m00.0s

running (14m21.0s), 200/200 VUs, 1870 complete and 0 interrupted iterations
students   [  51% ] 200/200 VUs  14m21.0s/28m00.0s

running (14m22.0s), 200/200 VUs, 1886 complete and 0 interrupted iterations
students   [  51% ] 200/200 VUs  14m22.0s/28m00.0s

running (14m23.0s), 200/200 VUs, 1894 complete and 0 interrupted iterations
students   [  51% ] 200/200 VUs  14m23.0s/28m00.0s

running (14m24.0s), 200/200 VUs, 1902 complete and 0 interrupted iterations
students   [  51% ] 200/200 VUs  14m24.0s/28m00.0s

running (14m25.0s), 200/200 VUs, 1917 complete and 0 interrupted iterations
students   [  51% ] 200/200 VUs  14m25.0s/28m00.0s

running (14m26.0s), 200/200 VUs, 1925 complete and 0 interrupted iterations
students   [  52% ] 200/200 VUs  14m26.0s/28m00.0s

running (14m27.0s), 200/200 VUs, 1926 complete and 0 interrupted iterations
students   [  52% ] 200/200 VUs  14m27.0s/28m00.0s

running (14m28.0s), 200/200 VUs, 1933 complete and 0 interrupted iterations
students   [  52% ] 200/200 VUs  14m28.0s/28m00.0s

running (14m29.0s), 200/200 VUs, 1945 complete and 0 interrupted iterations
students   [  52% ] 200/200 VUs  14m29.0s/28m00.0s

running (14m30.0s), 200/200 VUs, 1952 complete and 0 interrupted iterations
students   [  52% ] 200/200 VUs  14m30.0s/28m00.0s

running (14m31.0s), 200/200 VUs, 1964 complete and 0 interrupted iterations
students   [  52% ] 200/200 VUs  14m31.0s/28m00.0s

running (14m32.0s), 200/200 VUs, 1975 complete and 0 interrupted iterations
students   [  52% ] 200/200 VUs  14m32.0s/28m00.0s

running (14m33.0s), 200/200 VUs, 1996 complete and 0 interrupted iterations
students   [  52% ] 200/200 VUs  14m33.0s/28m00.0s

running (14m34.0s), 200/200 VUs, 2019 complete and 0 interrupted iterations
students   [  52% ] 200/200 VUs  14m34.0s/28m00.0s

running (14m35.0s), 200/200 VUs, 2028 complete and 0 interrupted iterations
students   [  52% ] 200/200 VUs  14m35.0s/28m00.0s

running (14m36.0s), 200/200 VUs, 2046 complete and 0 interrupted iterations
students   [  52% ] 200/200 VUs  14m36.0s/28m00.0s

running (14m37.0s), 200/200 VUs, 2064 complete and 0 interrupted iterations
students   [  52% ] 200/200 VUs  14m37.0s/28m00.0s

running (14m38.0s), 200/200 VUs, 2075 complete and 0 interrupted iterations
students   [  52% ] 200/200 VUs  14m38.0s/28m00.0s

running (14m39.0s), 200/200 VUs, 2083 complete and 0 interrupted iterations
students   [  52% ] 200/200 VUs  14m39.0s/28m00.0s

running (14m40.0s), 200/200 VUs, 2099 complete and 0 interrupted iterations
students   [  52% ] 200/200 VUs  14m40.0s/28m00.0s

running (14m41.0s), 200/200 VUs, 2108 complete and 0 interrupted iterations
students   [  52% ] 200/200 VUs  14m41.0s/28m00.0s

running (14m42.0s), 200/200 VUs, 2110 complete and 0 interrupted iterations
students   [  52% ] 200/200 VUs  14m42.0s/28m00.0s

running (14m43.0s), 200/200 VUs, 2118 complete and 0 interrupted iterations
students   [  53% ] 200/200 VUs  14m43.0s/28m00.0s

running (14m44.0s), 200/200 VUs, 2131 complete and 0 interrupted iterations
students   [  53% ] 200/200 VUs  14m44.0s/28m00.0s

running (14m45.0s), 200/200 VUs, 2138 complete and 0 interrupted iterations
students   [  53% ] 200/200 VUs  14m45.0s/28m00.0s

running (14m46.0s), 200/200 VUs, 2151 complete and 0 interrupted iterations
students   [  53% ] 200/200 VUs  14m46.0s/28m00.0s

running (14m47.0s), 200/200 VUs, 2162 complete and 0 interrupted iterations
students   [  53% ] 200/200 VUs  14m47.0s/28m00.0s

running (14m48.0s), 200/200 VUs, 2183 complete and 0 interrupted iterations
students   [  53% ] 200/200 VUs  14m48.0s/28m00.0s

running (14m49.0s), 200/200 VUs, 2206 complete and 0 interrupted iterations
students   [  53% ] 200/200 VUs  14m49.0s/28m00.0s

running (14m50.0s), 200/200 VUs, 2219 complete and 0 interrupted iterations
students   [  53% ] 200/200 VUs  14m50.0s/28m00.0s

running (14m51.0s), 200/200 VUs, 2237 complete and 0 interrupted iterations
students   [  53% ] 200/200 VUs  14m51.0s/28m00.0s

running (14m52.0s), 200/200 VUs, 2255 complete and 0 interrupted iterations
students   [  53% ] 200/200 VUs  14m52.0s/28m00.0s

running (14m53.0s), 200/200 VUs, 2266 complete and 0 interrupted iterations
students   [  53% ] 200/200 VUs  14m53.0s/28m00.0s

running (14m54.0s), 200/200 VUs, 2275 complete and 0 interrupted iterations
students   [  53% ] 200/200 VUs  14m54.0s/28m00.0s

running (14m55.0s), 200/200 VUs, 2291 complete and 0 interrupted iterations
students   [  53% ] 200/200 VUs  14m55.0s/28m00.0s

running (14m56.0s), 200/200 VUs, 2300 complete and 0 interrupted iterations
students   [  53% ] 200/200 VUs  14m56.0s/28m00.0s

running (14m57.0s), 200/200 VUs, 2302 complete and 0 interrupted iterations
students   [  53% ] 200/200 VUs  14m57.0s/28m00.0s

running (14m58.0s), 200/200 VUs, 2311 complete and 0 interrupted iterations
students   [  53% ] 200/200 VUs  14m58.0s/28m00.0s

running (14m59.0s), 200/200 VUs, 2324 complete and 0 interrupted iterations
students   [  54% ] 200/200 VUs  14m59.0s/28m00.0s

running (15m00.0s), 200/200 VUs, 2331 complete and 0 interrupted iterations
students   [  54% ] 200/200 VUs  15m00.0s/28m00.0s

running (15m01.0s), 200/200 VUs, 2344 complete and 0 interrupted iterations
students   [  54% ] 200/200 VUs  15m01.0s/28m00.0s

running (15m02.0s), 200/200 VUs, 2357 complete and 0 interrupted iterations
students   [  54% ] 200/200 VUs  15m02.0s/28m00.0s

running (15m03.0s), 200/200 VUs, 2378 complete and 0 interrupted iterations
students   [  54% ] 200/200 VUs  15m03.0s/28m00.0s

running (15m04.0s), 200/200 VUs, 2401 complete and 0 interrupted iterations
students   [  54% ] 200/200 VUs  15m04.0s/28m00.0s

running (15m05.0s), 200/200 VUs, 2415 complete and 0 interrupted iterations
students   [  54% ] 200/200 VUs  15m05.0s/28m00.0s

running (15m06.0s), 200/200 VUs, 2433 complete and 0 interrupted iterations
students   [  54% ] 200/200 VUs  15m06.0s/28m00.0s

running (15m07.0s), 200/200 VUs, 2452 complete and 0 interrupted iterations
students   [  54% ] 200/200 VUs  15m07.0s/28m00.0s

running (15m08.0s), 200/200 VUs, 2463 complete and 0 interrupted iterations
students   [  54% ] 200/200 VUs  15m08.0s/28m00.0s

running (15m09.0s), 200/200 VUs, 2472 complete and 0 interrupted iterations
students   [  54% ] 200/200 VUs  15m09.0s/28m00.0s

running (15m10.0s), 200/200 VUs, 2488 complete and 0 interrupted iterations
students   [  54% ] 200/200 VUs  15m10.0s/28m00.0s

running (15m11.0s), 200/200 VUs, 2498 complete and 0 interrupted iterations
students   [  54% ] 200/200 VUs  15m11.0s/28m00.0s

running (15m12.0s), 200/200 VUs, 2500 complete and 0 interrupted iterations
students   [  54% ] 200/200 VUs  15m12.0s/28m00.0s

running (15m13.0s), 200/200 VUs, 2509 complete and 0 interrupted iterations
students   [  54% ] 200/200 VUs  15m13.0s/28m00.0s

running (15m14.0s), 200/200 VUs, 2522 complete and 0 interrupted iterations
students   [  54% ] 200/200 VUs  15m14.0s/28m00.0s

running (15m15.0s), 200/200 VUs, 2529 complete and 0 interrupted iterations
students   [  54% ] 200/200 VUs  15m15.0s/28m00.0s

running (15m16.0s), 200/200 VUs, 2543 complete and 0 interrupted iterations
students   [  55% ] 200/200 VUs  15m16.0s/28m00.0s

running (15m17.0s), 200/200 VUs, 2556 complete and 0 interrupted iterations
students   [  55% ] 200/200 VUs  15m17.0s/28m00.0s

running (15m18.0s), 200/200 VUs, 2577 complete and 0 interrupted iterations
students   [  55% ] 200/200 VUs  15m18.0s/28m00.0s

running (15m19.0s), 200/200 VUs, 2600 complete and 0 interrupted iterations
students   [  55% ] 200/200 VUs  15m19.0s/28m00.0s

running (15m20.0s), 200/200 VUs, 2614 complete and 0 interrupted iterations
students   [  55% ] 200/200 VUs  15m20.0s/28m00.0s

running (15m21.0s), 200/200 VUs, 2632 complete and 0 interrupted iterations
students   [  55% ] 200/200 VUs  15m21.0s/28m00.0s

running (15m22.0s), 200/200 VUs, 2651 complete and 0 interrupted iterations
students   [  55% ] 200/200 VUs  15m22.0s/28m00.0s

running (15m23.0s), 200/200 VUs, 2662 complete and 0 interrupted iterations
students   [  55% ] 200/200 VUs  15m23.0s/28m00.0s

running (15m24.0s), 200/200 VUs, 2671 complete and 0 interrupted iterations
students   [  55% ] 200/200 VUs  15m24.0s/28m00.0s

running (15m25.0s), 200/200 VUs, 2687 complete and 0 interrupted iterations
students   [  55% ] 200/200 VUs  15m25.0s/28m00.0s

running (15m26.0s), 200/200 VUs, 2697 complete and 0 interrupted iterations
students   [  55% ] 200/200 VUs  15m26.0s/28m00.0s

running (15m27.0s), 200/200 VUs, 2699 complete and 0 interrupted iterations
students   [  55% ] 200/200 VUs  15m27.0s/28m00.0s

running (15m28.0s), 200/200 VUs, 2709 complete and 0 interrupted iterations
students   [  55% ] 200/200 VUs  15m28.0s/28m00.0s

running (15m29.0s), 200/200 VUs, 2722 complete and 0 interrupted iterations
students   [  55% ] 200/200 VUs  15m29.0s/28m00.0s

running (15m30.0s), 200/200 VUs, 2729 complete and 0 interrupted iterations
students   [  55% ] 200/200 VUs  15m30.0s/28m00.0s

running (15m31.0s), 200/200 VUs, 2743 complete and 0 interrupted iterations
students   [  55% ] 200/200 VUs  15m31.0s/28m00.0s

running (15m32.0s), 200/200 VUs, 2756 complete and 0 interrupted iterations
students   [  55% ] 200/200 VUs  15m32.0s/28m00.0s

running (15m33.0s), 200/200 VUs, 2777 complete and 0 interrupted iterations
students   [  56% ] 200/200 VUs  15m33.0s/28m00.0s

running (15m34.0s), 200/200 VUs, 2800 complete and 0 interrupted iterations
students   [  56% ] 200/200 VUs  15m34.0s/28m00.0s

running (15m35.0s), 200/200 VUs, 2814 complete and 0 interrupted iterations
students   [  56% ] 200/200 VUs  15m35.0s/28m00.0s

running (15m36.0s), 200/200 VUs, 2832 complete and 0 interrupted iterations
students   [  56% ] 200/200 VUs  15m36.0s/28m00.0s

running (15m37.0s), 200/200 VUs, 2851 complete and 0 interrupted iterations
students   [  56% ] 200/200 VUs  15m37.0s/28m00.0s

running (15m38.0s), 200/200 VUs, 2862 complete and 0 interrupted iterations
students   [  56% ] 200/200 VUs  15m38.0s/28m00.0s

running (15m39.0s), 200/200 VUs, 2871 complete and 0 interrupted iterations
students   [  56% ] 200/200 VUs  15m39.0s/28m00.0s

running (15m40.0s), 200/200 VUs, 2887 complete and 0 interrupted iterations
students   [  56% ] 200/200 VUs  15m40.0s/28m00.0s

running (15m41.0s), 200/200 VUs, 2897 complete and 0 interrupted iterations
students   [  56% ] 200/200 VUs  15m41.0s/28m00.0s

running (15m42.0s), 200/200 VUs, 2899 complete and 0 interrupted iterations
students   [  56% ] 200/200 VUs  15m42.0s/28m00.0s

running (15m43.0s), 200/200 VUs, 2909 complete and 0 interrupted iterations
students   [  56% ] 200/200 VUs  15m43.0s/28m00.0s

running (15m44.0s), 200/200 VUs, 2922 complete and 0 interrupted iterations
students   [  56% ] 200/200 VUs  15m44.0s/28m00.0s

running (15m45.0s), 200/200 VUs, 2929 complete and 0 interrupted iterations
students   [  56% ] 200/200 VUs  15m45.0s/28m00.0s

running (15m46.0s), 200/200 VUs, 2943 complete and 0 interrupted iterations
students   [  56% ] 200/200 VUs  15m46.0s/28m00.0s

running (15m47.0s), 200/200 VUs, 2956 complete and 0 interrupted iterations
students   [  56% ] 200/200 VUs  15m47.0s/28m00.0s

running (15m48.0s), 200/200 VUs, 2977 complete and 0 interrupted iterations
students   [  56% ] 200/200 VUs  15m48.0s/28m00.0s

running (15m49.0s), 200/200 VUs, 3000 complete and 0 interrupted iterations
students   [  56% ] 200/200 VUs  15m49.0s/28m00.0s

running (15m50.0s), 200/200 VUs, 3014 complete and 0 interrupted iterations
students   [  57% ] 200/200 VUs  15m50.0s/28m00.0s

running (15m51.0s), 200/200 VUs, 3032 complete and 0 interrupted iterations
students   [  57% ] 200/200 VUs  15m51.0s/28m00.0s

running (15m52.0s), 200/200 VUs, 3051 complete and 0 interrupted iterations
students   [  57% ] 200/200 VUs  15m52.0s/28m00.0s

running (15m53.0s), 200/200 VUs, 3062 complete and 0 interrupted iterations
students   [  57% ] 200/200 VUs  15m53.0s/28m00.0s

running (15m54.0s), 200/200 VUs, 3071 complete and 0 interrupted iterations
students   [  57% ] 200/200 VUs  15m54.0s/28m00.0s

running (15m55.0s), 200/200 VUs, 3087 complete and 0 interrupted iterations
students   [  57% ] 200/200 VUs  15m55.0s/28m00.0s

running (15m56.0s), 200/200 VUs, 3097 complete and 0 interrupted iterations
students   [  57% ] 200/200 VUs  15m56.0s/28m00.0s

running (15m57.0s), 200/200 VUs, 3099 complete and 0 interrupted iterations
students   [  57% ] 200/200 VUs  15m57.0s/28m00.0s

running (15m58.0s), 200/200 VUs, 3109 complete and 0 interrupted iterations
students   [  57% ] 200/200 VUs  15m58.0s/28m00.0s

running (15m59.0s), 200/200 VUs, 3122 complete and 0 interrupted iterations
students   [  57% ] 200/200 VUs  15m59.0s/28m00.0s

running (16m00.0s), 200/200 VUs, 3129 complete and 0 interrupted iterations
students   [  57% ] 200/200 VUs  16m00.0s/28m00.0s

running (16m01.0s), 200/200 VUs, 3143 complete and 0 interrupted iterations
students   [  57% ] 200/200 VUs  16m01.0s/28m00.0s

running (16m02.0s), 200/200 VUs, 3156 complete and 0 interrupted iterations
students   [  57% ] 200/200 VUs  16m02.0s/28m00.0s

running (16m03.0s), 200/200 VUs, 3176 complete and 0 interrupted iterations
students   [  57% ] 200/200 VUs  16m03.0s/28m00.0s

running (16m04.0s), 200/200 VUs, 3200 complete and 0 interrupted iterations
students   [  57% ] 200/200 VUs  16m04.0s/28m00.0s

running (16m05.0s), 200/200 VUs, 3214 complete and 0 interrupted iterations
students   [  57% ] 200/200 VUs  16m05.0s/28m00.0s

running (16m06.0s), 200/200 VUs, 3232 complete and 0 interrupted iterations
students   [  57% ] 200/200 VUs  16m06.0s/28m00.0s

running (16m07.0s), 200/200 VUs, 3251 complete and 0 interrupted iterations
students   [  58% ] 200/200 VUs  16m07.0s/28m00.0s

running (16m08.0s), 200/200 VUs, 3262 complete and 0 interrupted iterations
students   [  58% ] 200/200 VUs  16m08.0s/28m00.0s

running (16m09.0s), 200/200 VUs, 3271 complete and 0 interrupted iterations
students   [  58% ] 200/200 VUs  16m09.0s/28m00.0s

running (16m10.0s), 200/200 VUs, 3287 complete and 0 interrupted iterations
students   [  58% ] 200/200 VUs  16m10.0s/28m00.0s

running (16m11.0s), 200/200 VUs, 3297 complete and 0 interrupted iterations
students   [  58% ] 200/200 VUs  16m11.0s/28m00.0s

running (16m12.0s), 200/200 VUs, 3299 complete and 0 interrupted iterations
students   [  58% ] 200/200 VUs  16m12.0s/28m00.0s

running (16m13.0s), 200/200 VUs, 3309 complete and 0 interrupted iterations
students   [  58% ] 200/200 VUs  16m13.0s/28m00.0s

running (16m14.0s), 200/200 VUs, 3322 complete and 0 interrupted iterations
students   [  58% ] 200/200 VUs  16m14.0s/28m00.0s

running (16m15.0s), 200/200 VUs, 3329 complete and 0 interrupted iterations
students   [  58% ] 200/200 VUs  16m15.0s/28m00.0s

running (16m16.0s), 200/200 VUs, 3343 complete and 0 interrupted iterations
students   [  58% ] 200/200 VUs  16m16.0s/28m00.0s

running (16m17.0s), 200/200 VUs, 3356 complete and 0 interrupted iterations
students   [  58% ] 200/200 VUs  16m17.0s/28m00.0s

running (16m18.0s), 200/200 VUs, 3376 complete and 0 interrupted iterations
students   [  58% ] 200/200 VUs  16m18.0s/28m00.0s

running (16m19.0s), 200/200 VUs, 3400 complete and 0 interrupted iterations
students   [  58% ] 200/200 VUs  16m19.0s/28m00.0s

running (16m20.0s), 200/200 VUs, 3414 complete and 0 interrupted iterations
students   [  58% ] 200/200 VUs  16m20.0s/28m00.0s

running (16m21.0s), 200/200 VUs, 3432 complete and 0 interrupted iterations
students   [  58% ] 200/200 VUs  16m21.0s/28m00.0s

running (16m22.0s), 200/200 VUs, 3451 complete and 0 interrupted iterations
students   [  58% ] 200/200 VUs  16m22.0s/28m00.0s

running (16m23.0s), 200/200 VUs, 3462 complete and 0 interrupted iterations
students   [  59% ] 200/200 VUs  16m23.0s/28m00.0s

running (16m24.0s), 200/200 VUs, 3471 complete and 0 interrupted iterations
students   [  59% ] 200/200 VUs  16m24.0s/28m00.0s

running (16m25.0s), 200/200 VUs, 3487 complete and 0 interrupted iterations
students   [  59% ] 200/200 VUs  16m25.0s/28m00.0s

running (16m26.0s), 200/200 VUs, 3497 complete and 0 interrupted iterations
students   [  59% ] 200/200 VUs  16m26.0s/28m00.0s

running (16m27.0s), 200/200 VUs, 3499 complete and 0 interrupted iterations
students   [  59% ] 200/200 VUs  16m27.0s/28m00.0s

running (16m28.0s), 200/200 VUs, 3509 complete and 0 interrupted iterations
students   [  59% ] 200/200 VUs  16m28.0s/28m00.0s

running (16m29.0s), 200/200 VUs, 3522 complete and 0 interrupted iterations
students   [  59% ] 200/200 VUs  16m29.0s/28m00.0s

running (16m30.0s), 200/200 VUs, 3529 complete and 0 interrupted iterations
students   [  59% ] 200/200 VUs  16m30.0s/28m00.0s

running (16m31.0s), 200/200 VUs, 3543 complete and 0 interrupted iterations
students   [  59% ] 200/200 VUs  16m31.0s/28m00.0s

running (16m32.0s), 200/200 VUs, 3556 complete and 0 interrupted iterations
students   [  59% ] 200/200 VUs  16m32.0s/28m00.0s

running (16m33.0s), 200/200 VUs, 3576 complete and 0 interrupted iterations
students   [  59% ] 200/200 VUs  16m33.0s/28m00.0s

running (16m34.0s), 200/200 VUs, 3600 complete and 0 interrupted iterations
students   [  59% ] 200/200 VUs  16m34.0s/28m00.0s

running (16m35.0s), 200/200 VUs, 3614 complete and 0 interrupted iterations
students   [  59% ] 200/200 VUs  16m35.0s/28m00.0s

running (16m36.0s), 200/200 VUs, 3632 complete and 0 interrupted iterations
students   [  59% ] 200/200 VUs  16m36.0s/28m00.0s

running (16m37.0s), 200/200 VUs, 3651 complete and 0 interrupted iterations
students   [  59% ] 200/200 VUs  16m37.0s/28m00.0s

running (16m38.0s), 200/200 VUs, 3662 complete and 0 interrupted iterations
students   [  59% ] 200/200 VUs  16m38.0s/28m00.0s

running (16m39.0s), 200/200 VUs, 3671 complete and 0 interrupted iterations
students   [  59% ] 200/200 VUs  16m39.0s/28m00.0s

running (16m40.0s), 200/200 VUs, 3687 complete and 0 interrupted iterations
students   [  60% ] 200/200 VUs  16m40.0s/28m00.0s

running (16m41.0s), 200/200 VUs, 3697 complete and 0 interrupted iterations
students   [  60% ] 200/200 VUs  16m41.0s/28m00.0s

running (16m42.0s), 200/200 VUs, 3699 complete and 0 interrupted iterations
students   [  60% ] 200/200 VUs  16m42.0s/28m00.0s

running (16m43.0s), 200/200 VUs, 3709 complete and 0 interrupted iterations
students   [  60% ] 200/200 VUs  16m43.0s/28m00.0s

running (16m44.0s), 200/200 VUs, 3722 complete and 0 interrupted iterations
students   [  60% ] 200/200 VUs  16m44.0s/28m00.0s

running (16m45.0s), 200/200 VUs, 3729 complete and 0 interrupted iterations
students   [  60% ] 200/200 VUs  16m45.0s/28m00.0s

running (16m46.0s), 200/200 VUs, 3743 complete and 0 interrupted iterations
students   [  60% ] 200/200 VUs  16m46.0s/28m00.0s

running (16m47.0s), 200/200 VUs, 3756 complete and 0 interrupted iterations
students   [  60% ] 200/200 VUs  16m47.0s/28m00.0s

running (16m48.0s), 200/200 VUs, 3776 complete and 0 interrupted iterations
students   [  60% ] 200/200 VUs  16m48.0s/28m00.0s

running (16m49.0s), 200/200 VUs, 3800 complete and 0 interrupted iterations
students   [  60% ] 200/200 VUs  16m49.0s/28m00.0s

running (16m50.0s), 200/200 VUs, 3814 complete and 0 interrupted iterations
students   [  60% ] 200/200 VUs  16m50.0s/28m00.0s

running (16m51.0s), 200/200 VUs, 3832 complete and 0 interrupted iterations
students   [  60% ] 200/200 VUs  16m51.0s/28m00.0s

running (16m52.0s), 200/200 VUs, 3851 complete and 0 interrupted iterations
students   [  60% ] 200/200 VUs  16m52.0s/28m00.0s

running (16m53.0s), 200/200 VUs, 3862 complete and 0 interrupted iterations
students   [  60% ] 200/200 VUs  16m53.0s/28m00.0s

running (16m54.0s), 200/200 VUs, 3871 complete and 0 interrupted iterations
students   [  60% ] 200/200 VUs  16m54.0s/28m00.0s

running (16m55.0s), 200/200 VUs, 3887 complete and 0 interrupted iterations
students   [  60% ] 200/200 VUs  16m55.0s/28m00.0s

running (16m56.0s), 200/200 VUs, 3897 complete and 0 interrupted iterations
students   [  60% ] 200/200 VUs  16m56.0s/28m00.0s

running (16m57.0s), 200/200 VUs, 3899 complete and 0 interrupted iterations
students   [  61% ] 200/200 VUs  16m57.0s/28m00.0s

running (16m58.0s), 200/200 VUs, 3909 complete and 0 interrupted iterations
students   [  61% ] 200/200 VUs  16m58.0s/28m00.0s

running (16m59.0s), 200/200 VUs, 3922 complete and 0 interrupted iterations
students   [  61% ] 200/200 VUs  16m59.0s/28m00.0s

running (17m00.0s), 200/200 VUs, 3929 complete and 0 interrupted iterations
students   [  61% ] 200/200 VUs  17m00.0s/28m00.0s

running (17m01.0s), 200/200 VUs, 3942 complete and 0 interrupted iterations
students   [  61% ] 200/200 VUs  17m01.0s/28m00.0s

running (17m02.0s), 200/200 VUs, 3956 complete and 0 interrupted iterations
students   [  61% ] 200/200 VUs  17m02.0s/28m00.0s

running (17m03.0s), 200/200 VUs, 3976 complete and 0 interrupted iterations
students   [  61% ] 200/200 VUs  17m03.0s/28m00.0s

running (17m04.0s), 200/200 VUs, 4000 complete and 0 interrupted iterations
students   [  61% ] 200/200 VUs  17m04.0s/28m00.0s

running (17m05.0s), 200/200 VUs, 4014 complete and 0 interrupted iterations
students   [  61% ] 200/200 VUs  17m05.0s/28m00.0s

running (17m06.0s), 200/200 VUs, 4032 complete and 0 interrupted iterations
students   [  61% ] 200/200 VUs  17m06.0s/28m00.0s

running (17m07.0s), 200/200 VUs, 4051 complete and 0 interrupted iterations
students   [  61% ] 200/200 VUs  17m07.0s/28m00.0s

running (17m08.0s), 200/200 VUs, 4062 complete and 0 interrupted iterations
students   [  61% ] 200/200 VUs  17m08.0s/28m00.0s

running (17m09.0s), 200/200 VUs, 4071 complete and 0 interrupted iterations
students   [  61% ] 200/200 VUs  17m09.0s/28m00.0s

running (17m10.0s), 200/200 VUs, 4087 complete and 0 interrupted iterations
students   [  61% ] 200/200 VUs  17m10.0s/28m00.0s

running (17m11.0s), 200/200 VUs, 4097 complete and 0 interrupted iterations
students   [  61% ] 200/200 VUs  17m11.0s/28m00.0s

running (17m12.0s), 200/200 VUs, 4099 complete and 0 interrupted iterations
students   [  61% ] 200/200 VUs  17m12.0s/28m00.0s

running (17m13.0s), 200/200 VUs, 4109 complete and 0 interrupted iterations
students   [  61% ] 200/200 VUs  17m13.0s/28m00.0s

running (17m14.0s), 200/200 VUs, 4122 complete and 0 interrupted iterations
students   [  62% ] 200/200 VUs  17m14.0s/28m00.0s

running (17m15.0s), 200/200 VUs, 4129 complete and 0 interrupted iterations
students   [  62% ] 200/200 VUs  17m15.0s/28m00.0s

running (17m16.0s), 200/200 VUs, 4142 complete and 0 interrupted iterations
students   [  62% ] 200/200 VUs  17m16.0s/28m00.0s

running (17m17.0s), 200/200 VUs, 4156 complete and 0 interrupted iterations
students   [  62% ] 200/200 VUs  17m17.0s/28m00.0s

running (17m18.0s), 200/200 VUs, 4176 complete and 0 interrupted iterations
students   [  62% ] 200/200 VUs  17m18.0s/28m00.0s

running (17m19.0s), 200/200 VUs, 4200 complete and 0 interrupted iterations
students   [  62% ] 200/200 VUs  17m19.0s/28m00.0s

running (17m20.0s), 200/200 VUs, 4214 complete and 0 interrupted iterations
students   [  62% ] 200/200 VUs  17m20.0s/28m00.0s

running (17m21.0s), 200/200 VUs, 4232 complete and 0 interrupted iterations
students   [  62% ] 200/200 VUs  17m21.0s/28m00.0s

running (17m22.0s), 200/200 VUs, 4251 complete and 0 interrupted iterations
students   [  62% ] 200/200 VUs  17m22.0s/28m00.0s

running (17m23.0s), 200/200 VUs, 4262 complete and 0 interrupted iterations
students   [  62% ] 200/200 VUs  17m23.0s/28m00.0s

running (17m24.0s), 200/200 VUs, 4271 complete and 0 interrupted iterations
students   [  62% ] 200/200 VUs  17m24.0s/28m00.0s

running (17m25.0s), 200/200 VUs, 4287 complete and 0 interrupted iterations
students   [  62% ] 200/200 VUs  17m25.0s/28m00.0s

running (17m26.0s), 200/200 VUs, 4297 complete and 0 interrupted iterations
students   [  62% ] 200/200 VUs  17m26.0s/28m00.0s

running (17m27.0s), 200/200 VUs, 4299 complete and 0 interrupted iterations
students   [  62% ] 200/200 VUs  17m27.0s/28m00.0s

running (17m28.0s), 200/200 VUs, 4309 complete and 0 interrupted iterations
students   [  62% ] 200/200 VUs  17m28.0s/28m00.0s

running (17m29.0s), 200/200 VUs, 4322 complete and 0 interrupted iterations
students   [  62% ] 200/200 VUs  17m29.0s/28m00.0s

running (17m30.0s), 200/200 VUs, 4329 complete and 0 interrupted iterations
students   [  62% ] 200/200 VUs  17m30.0s/28m00.0s

running (17m31.0s), 200/200 VUs, 4342 complete and 0 interrupted iterations
students   [  63% ] 200/200 VUs  17m31.0s/28m00.0s

running (17m32.0s), 200/200 VUs, 4356 complete and 0 interrupted iterations
students   [  63% ] 200/200 VUs  17m32.0s/28m00.0s

running (17m33.0s), 200/200 VUs, 4376 complete and 0 interrupted iterations
students   [  63% ] 200/200 VUs  17m33.0s/28m00.0s

running (17m34.0s), 200/200 VUs, 4400 complete and 0 interrupted iterations
students   [  63% ] 200/200 VUs  17m34.0s/28m00.0s

running (17m35.0s), 200/200 VUs, 4414 complete and 0 interrupted iterations
students   [  63% ] 200/200 VUs  17m35.0s/28m00.0s

running (17m36.0s), 200/200 VUs, 4432 complete and 0 interrupted iterations
students   [  63% ] 200/200 VUs  17m36.0s/28m00.0s

running (17m37.0s), 200/200 VUs, 4451 complete and 0 interrupted iterations
students   [  63% ] 200/200 VUs  17m37.0s/28m00.0s

running (17m38.0s), 200/200 VUs, 4462 complete and 0 interrupted iterations
students   [  63% ] 200/200 VUs  17m38.0s/28m00.0s

running (17m39.0s), 200/200 VUs, 4471 complete and 0 interrupted iterations
students   [  63% ] 200/200 VUs  17m39.0s/28m00.0s

running (17m40.0s), 200/200 VUs, 4487 complete and 0 interrupted iterations
students   [  63% ] 200/200 VUs  17m40.0s/28m00.0s

running (17m41.0s), 200/200 VUs, 4497 complete and 0 interrupted iterations
students   [  63% ] 200/200 VUs  17m41.0s/28m00.0s

running (17m42.0s), 200/200 VUs, 4499 complete and 0 interrupted iterations
students   [  63% ] 200/200 VUs  17m42.0s/28m00.0s

running (17m43.0s), 200/200 VUs, 4509 complete and 0 interrupted iterations
students   [  63% ] 200/200 VUs  17m43.0s/28m00.0s

running (17m44.0s), 200/200 VUs, 4522 complete and 0 interrupted iterations
students   [  63% ] 200/200 VUs  17m44.0s/28m00.0s

running (17m45.0s), 200/200 VUs, 4529 complete and 0 interrupted iterations
students   [  63% ] 200/200 VUs  17m45.0s/28m00.0s

running (17m46.0s), 200/200 VUs, 4542 complete and 0 interrupted iterations
students   [  63% ] 200/200 VUs  17m46.0s/28m00.0s

running (17m47.0s), 200/200 VUs, 4556 complete and 0 interrupted iterations
students   [  64% ] 200/200 VUs  17m47.0s/28m00.0s

running (17m48.0s), 200/200 VUs, 4576 complete and 0 interrupted iterations
students   [  64% ] 200/200 VUs  17m48.0s/28m00.0s

running (17m49.0s), 200/200 VUs, 4600 complete and 0 interrupted iterations
students   [  64% ] 200/200 VUs  17m49.0s/28m00.0s

running (17m50.0s), 200/200 VUs, 4614 complete and 0 interrupted iterations
students   [  64% ] 200/200 VUs  17m50.0s/28m00.0s

running (17m51.0s), 200/200 VUs, 4632 complete and 0 interrupted iterations
students   [  64% ] 200/200 VUs  17m51.0s/28m00.0s

running (17m52.0s), 200/200 VUs, 4651 complete and 0 interrupted iterations
students   [  64% ] 200/200 VUs  17m52.0s/28m00.0s

running (17m53.0s), 200/200 VUs, 4662 complete and 0 interrupted iterations
students   [  64% ] 200/200 VUs  17m53.0s/28m00.0s

running (17m54.0s), 200/200 VUs, 4671 complete and 0 interrupted iterations
students   [  64% ] 200/200 VUs  17m54.0s/28m00.0s

running (17m55.0s), 200/200 VUs, 4687 complete and 0 interrupted iterations
students   [  64% ] 200/200 VUs  17m55.0s/28m00.0s

running (17m56.0s), 200/200 VUs, 4697 complete and 0 interrupted iterations
students   [  64% ] 200/200 VUs  17m56.0s/28m00.0s

running (17m57.0s), 200/200 VUs, 4699 complete and 0 interrupted iterations
students   [  64% ] 200/200 VUs  17m57.0s/28m00.0s

running (17m58.0s), 200/200 VUs, 4709 complete and 0 interrupted iterations
students   [  64% ] 200/200 VUs  17m58.0s/28m00.0s

running (17m59.0s), 200/200 VUs, 4722 complete and 0 interrupted iterations
students   [  64% ] 200/200 VUs  17m59.0s/28m00.0s

running (18m00.0s), 200/200 VUs, 4729 complete and 0 interrupted iterations
students   [  64% ] 200/200 VUs  18m00.0s/28m00.0s

running (18m01.0s), 200/200 VUs, 4742 complete and 0 interrupted iterations
students   [  64% ] 200/200 VUs  18m01.0s/28m00.0s

running (18m02.0s), 200/200 VUs, 4756 complete and 0 interrupted iterations
students   [  64% ] 200/200 VUs  18m02.0s/28m00.0s

running (18m03.0s), 200/200 VUs, 4776 complete and 0 interrupted iterations
students   [  64% ] 200/200 VUs  18m03.0s/28m00.0s

running (18m04.0s), 200/200 VUs, 4800 complete and 0 interrupted iterations
students   [  65% ] 200/200 VUs  18m04.0s/28m00.0s

running (18m05.0s), 200/200 VUs, 4814 complete and 0 interrupted iterations
students   [  65% ] 200/200 VUs  18m05.0s/28m00.0s

running (18m06.0s), 200/200 VUs, 4832 complete and 0 interrupted iterations
students   [  65% ] 200/200 VUs  18m06.0s/28m00.0s

running (18m07.0s), 200/200 VUs, 4851 complete and 0 interrupted iterations
students   [  65% ] 200/200 VUs  18m07.0s/28m00.0s

running (18m08.0s), 200/200 VUs, 4862 complete and 0 interrupted iterations
students   [  65% ] 200/200 VUs  18m08.0s/28m00.0s

running (18m09.0s), 200/200 VUs, 4871 complete and 0 interrupted iterations
students   [  65% ] 200/200 VUs  18m09.0s/28m00.0s

running (18m10.0s), 200/200 VUs, 4887 complete and 0 interrupted iterations
students   [  65% ] 200/200 VUs  18m10.0s/28m00.0s

running (18m11.0s), 200/200 VUs, 4897 complete and 0 interrupted iterations
students   [  65% ] 200/200 VUs  18m11.0s/28m00.0s

running (18m12.0s), 200/200 VUs, 4899 complete and 0 interrupted iterations
students   [  65% ] 200/200 VUs  18m12.0s/28m00.0s

running (18m13.0s), 200/200 VUs, 4909 complete and 0 interrupted iterations
students   [  65% ] 200/200 VUs  18m13.0s/28m00.0s

running (18m14.0s), 200/200 VUs, 4922 complete and 0 interrupted iterations
students   [  65% ] 200/200 VUs  18m14.0s/28m00.0s

running (18m15.0s), 200/200 VUs, 4929 complete and 0 interrupted iterations
students   [  65% ] 200/200 VUs  18m15.0s/28m00.0s

running (18m16.0s), 200/200 VUs, 4942 complete and 0 interrupted iterations
students   [  65% ] 200/200 VUs  18m16.0s/28m00.0s

running (18m17.0s), 200/200 VUs, 4956 complete and 0 interrupted iterations
students   [  65% ] 200/200 VUs  18m17.0s/28m00.0s

running (18m18.0s), 200/200 VUs, 4976 complete and 0 interrupted iterations
students   [  65% ] 200/200 VUs  18m18.0s/28m00.0s

running (18m19.0s), 200/200 VUs, 5000 complete and 0 interrupted iterations
students   [  65% ] 200/200 VUs  18m19.0s/28m00.0s

running (18m20.0s), 200/200 VUs, 5014 complete and 0 interrupted iterations
students   [  65% ] 200/200 VUs  18m20.0s/28m00.0s

running (18m21.0s), 200/200 VUs, 5032 complete and 0 interrupted iterations
students   [  66% ] 200/200 VUs  18m21.0s/28m00.0s

running (18m22.0s), 200/200 VUs, 5051 complete and 0 interrupted iterations
students   [  66% ] 200/200 VUs  18m22.0s/28m00.0s

running (18m23.0s), 200/200 VUs, 5062 complete and 0 interrupted iterations
students   [  66% ] 200/200 VUs  18m23.0s/28m00.0s

running (18m24.0s), 200/200 VUs, 5071 complete and 0 interrupted iterations
students   [  66% ] 200/200 VUs  18m24.0s/28m00.0s

running (18m25.0s), 200/200 VUs, 5087 complete and 0 interrupted iterations
students   [  66% ] 200/200 VUs  18m25.0s/28m00.0s

running (18m26.0s), 200/200 VUs, 5097 complete and 0 interrupted iterations
students   [  66% ] 200/200 VUs  18m26.0s/28m00.0s

running (18m27.0s), 200/200 VUs, 5099 complete and 0 interrupted iterations
students   [  66% ] 200/200 VUs  18m27.0s/28m00.0s

running (18m28.0s), 200/200 VUs, 5109 complete and 0 interrupted iterations
students   [  66% ] 200/200 VUs  18m28.0s/28m00.0s

running (18m29.0s), 200/200 VUs, 5122 complete and 0 interrupted iterations
students   [  66% ] 200/200 VUs  18m29.0s/28m00.0s

running (18m30.0s), 200/200 VUs, 5129 complete and 0 interrupted iterations
students   [  66% ] 200/200 VUs  18m30.0s/28m00.0s

running (18m31.0s), 200/200 VUs, 5142 complete and 0 interrupted iterations
students   [  66% ] 200/200 VUs  18m31.0s/28m00.0s

running (18m32.0s), 200/200 VUs, 5156 complete and 0 interrupted iterations
students   [  66% ] 200/200 VUs  18m32.0s/28m00.0s

running (18m33.0s), 200/200 VUs, 5176 complete and 0 interrupted iterations
students   [  66% ] 200/200 VUs  18m33.0s/28m00.0s

running (18m34.0s), 200/200 VUs, 5200 complete and 0 interrupted iterations
students   [  66% ] 200/200 VUs  18m34.0s/28m00.0s

running (18m35.0s), 200/200 VUs, 5214 complete and 0 interrupted iterations
students   [  66% ] 200/200 VUs  18m35.0s/28m00.0s

running (18m36.0s), 200/200 VUs, 5232 complete and 0 interrupted iterations
students   [  66% ] 200/200 VUs  18m36.0s/28m00.0s

running (18m37.0s), 200/200 VUs, 5251 complete and 0 interrupted iterations
students   [  66% ] 200/200 VUs  18m37.0s/28m00.0s

running (18m38.0s), 200/200 VUs, 5262 complete and 0 interrupted iterations
students   [  67% ] 200/200 VUs  18m38.0s/28m00.0s

running (18m39.0s), 200/200 VUs, 5271 complete and 0 interrupted iterations
students   [  67% ] 200/200 VUs  18m39.0s/28m00.0s

running (18m40.0s), 200/200 VUs, 5287 complete and 0 interrupted iterations
students   [  67% ] 200/200 VUs  18m40.0s/28m00.0s

running (18m41.0s), 200/200 VUs, 5297 complete and 0 interrupted iterations
students   [  67% ] 200/200 VUs  18m41.0s/28m00.0s

running (18m42.0s), 200/200 VUs, 5299 complete and 0 interrupted iterations
students   [  67% ] 200/200 VUs  18m42.0s/28m00.0s

running (18m43.0s), 200/200 VUs, 5309 complete and 0 interrupted iterations
students   [  67% ] 200/200 VUs  18m43.0s/28m00.0s

running (18m44.0s), 200/200 VUs, 5322 complete and 0 interrupted iterations
students   [  67% ] 200/200 VUs  18m44.0s/28m00.0s

running (18m45.0s), 200/200 VUs, 5329 complete and 0 interrupted iterations
students   [  67% ] 200/200 VUs  18m45.0s/28m00.0s

running (18m46.0s), 200/200 VUs, 5342 complete and 0 interrupted iterations
students   [  67% ] 200/200 VUs  18m46.0s/28m00.0s

running (18m47.0s), 200/200 VUs, 5356 complete and 0 interrupted iterations
students   [  67% ] 200/200 VUs  18m47.0s/28m00.0s

running (18m48.0s), 200/200 VUs, 5376 complete and 0 interrupted iterations
students   [  67% ] 200/200 VUs  18m48.0s/28m00.0s

running (18m49.0s), 200/200 VUs, 5400 complete and 0 interrupted iterations
students   [  67% ] 200/200 VUs  18m49.0s/28m00.0s

running (18m50.0s), 200/200 VUs, 5414 complete and 0 interrupted iterations
students   [  67% ] 200/200 VUs  18m50.0s/28m00.0s

running (18m51.0s), 200/200 VUs, 5432 complete and 0 interrupted iterations
students   [  67% ] 200/200 VUs  18m51.0s/28m00.0s

running (18m52.0s), 200/200 VUs, 5451 complete and 0 interrupted iterations
students   [  67% ] 200/200 VUs  18m52.0s/28m00.0s

running (18m53.0s), 200/200 VUs, 5462 complete and 0 interrupted iterations
students   [  67% ] 200/200 VUs  18m53.0s/28m00.0s

running (18m54.0s), 200/200 VUs, 5471 complete and 0 interrupted iterations
students   [  67% ] 200/200 VUs  18m54.0s/28m00.0s

running (18m55.0s), 200/200 VUs, 5487 complete and 0 interrupted iterations
students   [  68% ] 200/200 VUs  18m55.0s/28m00.0s

running (18m56.0s), 200/200 VUs, 5497 complete and 0 interrupted iterations
students   [  68% ] 200/200 VUs  18m56.0s/28m00.0s

running (18m57.0s), 200/200 VUs, 5499 complete and 0 interrupted iterations
students   [  68% ] 200/200 VUs  18m57.0s/28m00.0s

running (18m58.0s), 200/200 VUs, 5509 complete and 0 interrupted iterations
students   [  68% ] 200/200 VUs  18m58.0s/28m00.0s

running (18m59.0s), 200/200 VUs, 5522 complete and 0 interrupted iterations
students   [  68% ] 200/200 VUs  18m59.0s/28m00.0s

running (19m00.0s), 200/200 VUs, 5529 complete and 0 interrupted iterations
students   [  68% ] 200/200 VUs  19m00.0s/28m00.0s

running (19m01.0s), 200/200 VUs, 5542 complete and 0 interrupted iterations
students   [  68% ] 200/200 VUs  19m01.0s/28m00.0s

running (19m02.0s), 200/200 VUs, 5556 complete and 0 interrupted iterations
students   [  68% ] 200/200 VUs  19m02.0s/28m00.0s

running (19m03.0s), 200/200 VUs, 5576 complete and 0 interrupted iterations
students   [  68% ] 200/200 VUs  19m03.0s/28m00.0s

running (19m04.0s), 200/200 VUs, 5600 complete and 0 interrupted iterations
students   [  68% ] 200/200 VUs  19m04.0s/28m00.0s

running (19m05.0s), 200/200 VUs, 5614 complete and 0 interrupted iterations
students   [  68% ] 200/200 VUs  19m05.0s/28m00.0s

running (19m06.0s), 200/200 VUs, 5632 complete and 0 interrupted iterations
students   [  68% ] 200/200 VUs  19m06.0s/28m00.0s

running (19m07.0s), 200/200 VUs, 5651 complete and 0 interrupted iterations
students   [  68% ] 200/200 VUs  19m07.0s/28m00.0s

running (19m08.0s), 200/200 VUs, 5662 complete and 0 interrupted iterations
students   [  68% ] 200/200 VUs  19m08.0s/28m00.0s

running (19m09.0s), 200/200 VUs, 5671 complete and 0 interrupted iterations
students   [  68% ] 200/200 VUs  19m09.0s/28m00.0s

running (19m10.0s), 200/200 VUs, 5687 complete and 0 interrupted iterations
students   [  68% ] 200/200 VUs  19m10.0s/28m00.0s

running (19m11.0s), 200/200 VUs, 5697 complete and 0 interrupted iterations
students   [  69% ] 200/200 VUs  19m11.0s/28m00.0s

running (19m12.0s), 200/200 VUs, 5699 complete and 0 interrupted iterations
students   [  69% ] 200/200 VUs  19m12.0s/28m00.0s

running (19m13.0s), 200/200 VUs, 5709 complete and 0 interrupted iterations
students   [  69% ] 200/200 VUs  19m13.0s/28m00.0s

running (19m14.0s), 200/200 VUs, 5722 complete and 0 interrupted iterations
students   [  69% ] 200/200 VUs  19m14.0s/28m00.0s

running (19m15.0s), 200/200 VUs, 5729 complete and 0 interrupted iterations
students   [  69% ] 200/200 VUs  19m15.0s/28m00.0s

running (19m16.0s), 200/200 VUs, 5742 complete and 0 interrupted iterations
students   [  69% ] 200/200 VUs  19m16.0s/28m00.0s

running (19m17.0s), 200/200 VUs, 5756 complete and 0 interrupted iterations
students   [  69% ] 200/200 VUs  19m17.0s/28m00.0s

running (19m18.0s), 200/200 VUs, 5776 complete and 0 interrupted iterations
students   [  69% ] 200/200 VUs  19m18.0s/28m00.0s

running (19m19.0s), 200/200 VUs, 5800 complete and 0 interrupted iterations
students   [  69% ] 200/200 VUs  19m19.0s/28m00.0s

running (19m20.0s), 200/200 VUs, 5814 complete and 0 interrupted iterations
students   [  69% ] 200/200 VUs  19m20.0s/28m00.0s

running (19m21.0s), 200/200 VUs, 5832 complete and 0 interrupted iterations
students   [  69% ] 200/200 VUs  19m21.0s/28m00.0s

running (19m22.0s), 200/200 VUs, 5851 complete and 0 interrupted iterations
students   [  69% ] 200/200 VUs  19m22.0s/28m00.0s

running (19m23.0s), 200/200 VUs, 5862 complete and 0 interrupted iterations
students   [  69% ] 200/200 VUs  19m23.0s/28m00.0s

running (19m24.0s), 200/200 VUs, 5871 complete and 0 interrupted iterations
students   [  69% ] 200/200 VUs  19m24.0s/28m00.0s

running (19m25.0s), 200/200 VUs, 5887 complete and 0 interrupted iterations
students   [  69% ] 200/200 VUs  19m25.0s/28m00.0s

running (19m26.0s), 200/200 VUs, 5897 complete and 0 interrupted iterations
students   [  69% ] 200/200 VUs  19m26.0s/28m00.0s

running (19m27.0s), 200/200 VUs, 5899 complete and 0 interrupted iterations
students   [  69% ] 200/200 VUs  19m27.0s/28m00.0s

running (19m28.0s), 200/200 VUs, 5909 complete and 0 interrupted iterations
students   [  70% ] 200/200 VUs  19m28.0s/28m00.0s

running (19m29.0s), 200/200 VUs, 5922 complete and 0 interrupted iterations
students   [  70% ] 200/200 VUs  19m29.0s/28m00.0s

running (19m30.0s), 200/200 VUs, 5929 complete and 0 interrupted iterations
students   [  70% ] 200/200 VUs  19m30.0s/28m00.0s

running (19m31.0s), 200/200 VUs, 5942 complete and 0 interrupted iterations
students   [  70% ] 200/200 VUs  19m31.0s/28m00.0s

running (19m32.0s), 200/200 VUs, 5956 complete and 0 interrupted iterations
students   [  70% ] 200/200 VUs  19m32.0s/28m00.0s

running (19m33.0s), 200/200 VUs, 5976 complete and 0 interrupted iterations
students   [  70% ] 200/200 VUs  19m33.0s/28m00.0s

running (19m34.0s), 200/200 VUs, 6000 complete and 0 interrupted iterations
students   [  70% ] 200/200 VUs  19m34.0s/28m00.0s

running (19m35.0s), 200/200 VUs, 6014 complete and 0 interrupted iterations
students   [  70% ] 200/200 VUs  19m35.0s/28m00.0s

running (19m36.0s), 200/200 VUs, 6032 complete and 0 interrupted iterations
students   [  70% ] 200/200 VUs  19m36.0s/28m00.0s

running (19m37.0s), 200/200 VUs, 6051 complete and 0 interrupted iterations
students   [  70% ] 200/200 VUs  19m37.0s/28m00.0s

running (19m38.0s), 200/200 VUs, 6062 complete and 0 interrupted iterations
students   [  70% ] 200/200 VUs  19m38.0s/28m00.0s

running (19m39.0s), 200/200 VUs, 6071 complete and 0 interrupted iterations
students   [  70% ] 200/200 VUs  19m39.0s/28m00.0s

running (19m40.0s), 200/200 VUs, 6087 complete and 0 interrupted iterations
students   [  70% ] 200/200 VUs  19m40.0s/28m00.0s

running (19m41.0s), 200/200 VUs, 6097 complete and 0 interrupted iterations
students   [  70% ] 200/200 VUs  19m41.0s/28m00.0s

running (19m42.0s), 200/200 VUs, 6099 complete and 0 interrupted iterations
students   [  70% ] 200/200 VUs  19m42.0s/28m00.0s

running (19m43.0s), 200/200 VUs, 6109 complete and 0 interrupted iterations
students   [  70% ] 200/200 VUs  19m43.0s/28m00.0s

running (19m44.0s), 200/200 VUs, 6122 complete and 0 interrupted iterations
students   [  70% ] 200/200 VUs  19m44.0s/28m00.0s

running (19m45.0s), 200/200 VUs, 6129 complete and 0 interrupted iterations
students   [  71% ] 200/200 VUs  19m45.0s/28m00.0s

running (19m46.0s), 200/200 VUs, 6142 complete and 0 interrupted iterations
students   [  71% ] 200/200 VUs  19m46.0s/28m00.0s

running (19m47.0s), 200/200 VUs, 6156 complete and 0 interrupted iterations
students   [  71% ] 200/200 VUs  19m47.0s/28m00.0s

running (19m48.0s), 200/200 VUs, 6176 complete and 0 interrupted iterations
students   [  71% ] 200/200 VUs  19m48.0s/28m00.0s

running (19m49.0s), 200/200 VUs, 6200 complete and 0 interrupted iterations
students   [  71% ] 200/200 VUs  19m49.0s/28m00.0s

running (19m50.0s), 200/200 VUs, 6214 complete and 0 interrupted iterations
students   [  71% ] 200/200 VUs  19m50.0s/28m00.0s

running (19m51.0s), 200/200 VUs, 6232 complete and 0 interrupted iterations
students   [  71% ] 200/200 VUs  19m51.0s/28m00.0s

running (19m52.0s), 200/200 VUs, 6251 complete and 0 interrupted iterations
students   [  71% ] 200/200 VUs  19m52.0s/28m00.0s

running (19m53.0s), 200/200 VUs, 6262 complete and 0 interrupted iterations
students   [  71% ] 200/200 VUs  19m53.0s/28m00.0s

running (19m54.0s), 200/200 VUs, 6271 complete and 0 interrupted iterations
students   [  71% ] 200/200 VUs  19m54.0s/28m00.0s

running (19m55.0s), 200/200 VUs, 6287 complete and 0 interrupted iterations
students   [  71% ] 200/200 VUs  19m55.0s/28m00.0s

running (19m56.0s), 200/200 VUs, 6297 complete and 0 interrupted iterations
students   [  71% ] 200/200 VUs  19m56.0s/28m00.0s

running (19m57.0s), 200/200 VUs, 6299 complete and 0 interrupted iterations
students   [  71% ] 200/200 VUs  19m57.0s/28m00.0s

running (19m58.0s), 200/200 VUs, 6309 complete and 0 interrupted iterations
students   [  71% ] 200/200 VUs  19m58.0s/28m00.0s

running (19m59.0s), 200/200 VUs, 6322 complete and 0 interrupted iterations
students   [  71% ] 200/200 VUs  19m59.0s/28m00.0s

running (20m00.0s), 200/200 VUs, 6329 complete and 0 interrupted iterations
students   [  71% ] 200/200 VUs  20m00.0s/28m00.0s

running (20m01.0s), 200/200 VUs, 6342 complete and 0 interrupted iterations
students   [  71% ] 200/200 VUs  20m01.0s/28m00.0s

running (20m02.0s), 200/200 VUs, 6356 complete and 0 interrupted iterations
students   [  72% ] 200/200 VUs  20m02.0s/28m00.0s

running (20m03.0s), 200/200 VUs, 6376 complete and 0 interrupted iterations
students   [  72% ] 200/200 VUs  20m03.0s/28m00.0s

running (20m04.0s), 200/200 VUs, 6400 complete and 0 interrupted iterations
students   [  72% ] 200/200 VUs  20m04.0s/28m00.0s

running (20m05.0s), 200/200 VUs, 6414 complete and 0 interrupted iterations
students   [  72% ] 200/200 VUs  20m05.0s/28m00.0s

running (20m06.0s), 200/200 VUs, 6432 complete and 0 interrupted iterations
students   [  72% ] 200/200 VUs  20m06.0s/28m00.0s

running (20m07.0s), 200/200 VUs, 6451 complete and 0 interrupted iterations
students   [  72% ] 200/200 VUs  20m07.0s/28m00.0s

running (20m08.0s), 200/200 VUs, 6462 complete and 0 interrupted iterations
students   [  72% ] 200/200 VUs  20m08.0s/28m00.0s

running (20m09.0s), 200/200 VUs, 6471 complete and 0 interrupted iterations
students   [  72% ] 200/200 VUs  20m09.0s/28m00.0s

running (20m10.0s), 200/200 VUs, 6487 complete and 0 interrupted iterations
students   [  72% ] 200/200 VUs  20m10.0s/28m00.0s

running (20m11.0s), 200/200 VUs, 6497 complete and 0 interrupted iterations
students   [  72% ] 200/200 VUs  20m11.0s/28m00.0s

running (20m12.0s), 200/200 VUs, 6499 complete and 0 interrupted iterations
students   [  72% ] 200/200 VUs  20m12.0s/28m00.0s

running (20m13.0s), 200/200 VUs, 6509 complete and 0 interrupted iterations
students   [  72% ] 200/200 VUs  20m13.0s/28m00.0s

running (20m14.0s), 200/200 VUs, 6522 complete and 0 interrupted iterations
students   [  72% ] 200/200 VUs  20m14.0s/28m00.0s

running (20m15.0s), 200/200 VUs, 6529 complete and 0 interrupted iterations
students   [  72% ] 200/200 VUs  20m15.0s/28m00.0s

running (20m16.0s), 200/200 VUs, 6542 complete and 0 interrupted iterations
students   [  72% ] 200/200 VUs  20m16.0s/28m00.0s

running (20m17.0s), 200/200 VUs, 6556 complete and 0 interrupted iterations
students   [  72% ] 200/200 VUs  20m17.0s/28m00.0s

running (20m18.0s), 200/200 VUs, 6576 complete and 0 interrupted iterations
students   [  72% ] 200/200 VUs  20m18.0s/28m00.0s

running (20m19.0s), 200/200 VUs, 6600 complete and 0 interrupted iterations
students   [  73% ] 200/200 VUs  20m19.0s/28m00.0s

running (20m20.0s), 200/200 VUs, 6614 complete and 0 interrupted iterations
students   [  73% ] 200/200 VUs  20m20.0s/28m00.0s

running (20m21.0s), 200/200 VUs, 6632 complete and 0 interrupted iterations
students   [  73% ] 200/200 VUs  20m21.0s/28m00.0s

running (20m22.0s), 200/200 VUs, 6651 complete and 0 interrupted iterations
students   [  73% ] 200/200 VUs  20m22.0s/28m00.0s

running (20m23.0s), 200/200 VUs, 6662 complete and 0 interrupted iterations
students   [  73% ] 200/200 VUs  20m23.0s/28m00.0s

running (20m24.0s), 200/200 VUs, 6671 complete and 0 interrupted iterations
students   [  73% ] 200/200 VUs  20m24.0s/28m00.0s

running (20m25.0s), 200/200 VUs, 6687 complete and 0 interrupted iterations
students   [  73% ] 200/200 VUs  20m25.0s/28m00.0s

running (20m26.0s), 200/200 VUs, 6697 complete and 0 interrupted iterations
students   [  73% ] 200/200 VUs  20m26.0s/28m00.0s

running (20m27.0s), 200/200 VUs, 6699 complete and 0 interrupted iterations
students   [  73% ] 200/200 VUs  20m27.0s/28m00.0s

running (20m28.0s), 200/200 VUs, 6709 complete and 0 interrupted iterations
students   [  73% ] 200/200 VUs  20m28.0s/28m00.0s

running (20m29.0s), 200/200 VUs, 6722 complete and 0 interrupted iterations
students   [  73% ] 200/200 VUs  20m29.0s/28m00.0s

running (20m30.0s), 200/200 VUs, 6729 complete and 0 interrupted iterations
students   [  73% ] 200/200 VUs  20m30.0s/28m00.0s

running (20m31.0s), 200/200 VUs, 6742 complete and 0 interrupted iterations
students   [  73% ] 200/200 VUs  20m31.0s/28m00.0s

running (20m32.0s), 200/200 VUs, 6756 complete and 0 interrupted iterations
students   [  73% ] 200/200 VUs  20m32.0s/28m00.0s

running (20m33.0s), 200/200 VUs, 6776 complete and 0 interrupted iterations
students   [  73% ] 200/200 VUs  20m33.0s/28m00.0s

running (20m34.0s), 200/200 VUs, 6800 complete and 0 interrupted iterations
students   [  73% ] 200/200 VUs  20m34.0s/28m00.0s

running (20m35.0s), 200/200 VUs, 6814 complete and 0 interrupted iterations
students   [  74% ] 200/200 VUs  20m35.0s/28m00.0s

running (20m36.0s), 200/200 VUs, 6832 complete and 0 interrupted iterations
students   [  74% ] 200/200 VUs  20m36.0s/28m00.0s

running (20m37.0s), 200/200 VUs, 6851 complete and 0 interrupted iterations
students   [  74% ] 200/200 VUs  20m37.0s/28m00.0s

running (20m38.0s), 200/200 VUs, 6862 complete and 0 interrupted iterations
students   [  74% ] 200/200 VUs  20m38.0s/28m00.0s

running (20m39.0s), 200/200 VUs, 6871 complete and 0 interrupted iterations
students   [  74% ] 200/200 VUs  20m39.0s/28m00.0s

running (20m40.0s), 200/200 VUs, 6887 complete and 0 interrupted iterations
students   [  74% ] 200/200 VUs  20m40.0s/28m00.0s

running (20m41.0s), 200/200 VUs, 6897 complete and 0 interrupted iterations
students   [  74% ] 200/200 VUs  20m41.0s/28m00.0s

running (20m42.0s), 200/200 VUs, 6899 complete and 0 interrupted iterations
students   [  74% ] 200/200 VUs  20m42.0s/28m00.0s

running (20m43.0s), 200/200 VUs, 6909 complete and 0 interrupted iterations
students   [  74% ] 200/200 VUs  20m43.0s/28m00.0s

running (20m44.0s), 200/200 VUs, 6922 complete and 0 interrupted iterations
students   [  74% ] 200/200 VUs  20m44.0s/28m00.0s

running (20m45.0s), 200/200 VUs, 6929 complete and 0 interrupted iterations
students   [  74% ] 200/200 VUs  20m45.0s/28m00.0s

running (20m46.0s), 200/200 VUs, 6942 complete and 0 interrupted iterations
students   [  74% ] 200/200 VUs  20m46.0s/28m00.0s

running (20m47.0s), 200/200 VUs, 6956 complete and 0 interrupted iterations
students   [  74% ] 200/200 VUs  20m47.0s/28m00.0s

running (20m48.0s), 200/200 VUs, 6976 complete and 0 interrupted iterations
students   [  74% ] 200/200 VUs  20m48.0s/28m00.0s

running (20m49.0s), 200/200 VUs, 7000 complete and 0 interrupted iterations
students   [  74% ] 200/200 VUs  20m49.0s/28m00.0s

running (20m50.0s), 200/200 VUs, 7014 complete and 0 interrupted iterations
students   [  74% ] 200/200 VUs  20m50.0s/28m00.0s

running (20m51.0s), 200/200 VUs, 7032 complete and 0 interrupted iterations
students   [  74% ] 200/200 VUs  20m51.0s/28m00.0s

running (20m52.0s), 200/200 VUs, 7051 complete and 0 interrupted iterations
students   [  75% ] 200/200 VUs  20m52.0s/28m00.0s

running (20m53.0s), 200/200 VUs, 7062 complete and 0 interrupted iterations
students   [  75% ] 200/200 VUs  20m53.0s/28m00.0s

running (20m54.0s), 200/200 VUs, 7071 complete and 0 interrupted iterations
students   [  75% ] 200/200 VUs  20m54.0s/28m00.0s

running (20m55.0s), 200/200 VUs, 7087 complete and 0 interrupted iterations
students   [  75% ] 200/200 VUs  20m55.0s/28m00.0s

running (20m56.0s), 200/200 VUs, 7097 complete and 0 interrupted iterations
students   [  75% ] 200/200 VUs  20m56.0s/28m00.0s

running (20m57.0s), 200/200 VUs, 7099 complete and 0 interrupted iterations
students   [  75% ] 200/200 VUs  20m57.0s/28m00.0s

running (20m58.0s), 200/200 VUs, 7109 complete and 0 interrupted iterations
students   [  75% ] 200/200 VUs  20m58.0s/28m00.0s

running (20m59.0s), 200/200 VUs, 7122 complete and 0 interrupted iterations
students   [  75% ] 200/200 VUs  20m59.0s/28m00.0s

running (21m00.0s), 200/200 VUs, 7129 complete and 0 interrupted iterations
students   [  75% ] 200/200 VUs  21m00.0s/28m00.0s

running (21m01.0s), 200/200 VUs, 7142 complete and 0 interrupted iterations
students   [  75% ] 200/200 VUs  21m01.0s/28m00.0s

running (21m02.0s), 200/200 VUs, 7156 complete and 0 interrupted iterations
students   [  75% ] 200/200 VUs  21m02.0s/28m00.0s

running (21m03.0s), 200/200 VUs, 7176 complete and 0 interrupted iterations
students   [  75% ] 200/200 VUs  21m03.0s/28m00.0s

running (21m04.0s), 200/200 VUs, 7200 complete and 0 interrupted iterations
students   [  75% ] 200/200 VUs  21m04.0s/28m00.0s

running (21m05.0s), 200/200 VUs, 7214 complete and 0 interrupted iterations
students   [  75% ] 200/200 VUs  21m05.0s/28m00.0s

running (21m06.0s), 200/200 VUs, 7232 complete and 0 interrupted iterations
students   [  75% ] 200/200 VUs  21m06.0s/28m00.0s

running (21m07.0s), 200/200 VUs, 7251 complete and 0 interrupted iterations
students   [  75% ] 200/200 VUs  21m07.0s/28m00.0s

running (21m08.0s), 200/200 VUs, 7262 complete and 0 interrupted iterations
students   [  75% ] 200/200 VUs  21m08.0s/28m00.0s

running (21m09.0s), 200/200 VUs, 7271 complete and 0 interrupted iterations
students   [  76% ] 200/200 VUs  21m09.0s/28m00.0s

running (21m10.0s), 200/200 VUs, 7287 complete and 0 interrupted iterations
students   [  76% ] 200/200 VUs  21m10.0s/28m00.0s

running (21m11.0s), 200/200 VUs, 7297 complete and 0 interrupted iterations
students   [  76% ] 200/200 VUs  21m11.0s/28m00.0s

running (21m12.0s), 200/200 VUs, 7299 complete and 0 interrupted iterations
students   [  76% ] 200/200 VUs  21m12.0s/28m00.0s

running (21m13.0s), 200/200 VUs, 7309 complete and 0 interrupted iterations
students   [  76% ] 200/200 VUs  21m13.0s/28m00.0s

running (21m14.0s), 200/200 VUs, 7322 complete and 0 interrupted iterations
students   [  76% ] 200/200 VUs  21m14.0s/28m00.0s

running (21m15.0s), 200/200 VUs, 7329 complete and 0 interrupted iterations
students   [  76% ] 200/200 VUs  21m15.0s/28m00.0s

running (21m16.0s), 200/200 VUs, 7342 complete and 0 interrupted iterations
students   [  76% ] 200/200 VUs  21m16.0s/28m00.0s

running (21m17.0s), 200/200 VUs, 7356 complete and 0 interrupted iterations
students   [  76% ] 200/200 VUs  21m17.0s/28m00.0s

running (21m18.0s), 200/200 VUs, 7376 complete and 0 interrupted iterations
students   [  76% ] 200/200 VUs  21m18.0s/28m00.0s

running (21m19.0s), 200/200 VUs, 7400 complete and 0 interrupted iterations
students   [  76% ] 200/200 VUs  21m19.0s/28m00.0s

running (21m20.0s), 200/200 VUs, 7414 complete and 0 interrupted iterations
students   [  76% ] 200/200 VUs  21m20.0s/28m00.0s

running (21m21.0s), 200/200 VUs, 7432 complete and 0 interrupted iterations
students   [  76% ] 200/200 VUs  21m21.0s/28m00.0s

running (21m22.0s), 200/200 VUs, 7451 complete and 0 interrupted iterations
students   [  76% ] 200/200 VUs  21m22.0s/28m00.0s

running (21m23.0s), 200/200 VUs, 7462 complete and 0 interrupted iterations
students   [  76% ] 200/200 VUs  21m23.0s/28m00.0s

running (21m24.0s), 200/200 VUs, 7471 complete and 0 interrupted iterations
students   [  76% ] 200/200 VUs  21m24.0s/28m00.0s

running (21m25.0s), 200/200 VUs, 7487 complete and 0 interrupted iterations
students   [  76% ] 200/200 VUs  21m25.0s/28m00.0s

running (21m26.0s), 200/200 VUs, 7497 complete and 0 interrupted iterations
students   [  77% ] 200/200 VUs  21m26.0s/28m00.0s

running (21m27.0s), 200/200 VUs, 7499 complete and 0 interrupted iterations
students   [  77% ] 200/200 VUs  21m27.0s/28m00.0s

running (21m28.0s), 200/200 VUs, 7509 complete and 0 interrupted iterations
students   [  77% ] 200/200 VUs  21m28.0s/28m00.0s

running (21m29.0s), 200/200 VUs, 7522 complete and 0 interrupted iterations
students   [  77% ] 200/200 VUs  21m29.0s/28m00.0s

running (21m30.0s), 200/200 VUs, 7529 complete and 0 interrupted iterations
students   [  77% ] 200/200 VUs  21m30.0s/28m00.0s

running (21m31.0s), 200/200 VUs, 7542 complete and 0 interrupted iterations
students   [  77% ] 200/200 VUs  21m31.0s/28m00.0s

running (21m32.0s), 200/200 VUs, 7556 complete and 0 interrupted iterations
students   [  77% ] 200/200 VUs  21m32.0s/28m00.0s

running (21m33.0s), 200/200 VUs, 7576 complete and 0 interrupted iterations
students   [  77% ] 200/200 VUs  21m33.0s/28m00.0s

running (21m34.0s), 200/200 VUs, 7600 complete and 0 interrupted iterations
students   [  77% ] 200/200 VUs  21m34.0s/28m00.0s

running (21m35.0s), 200/200 VUs, 7614 complete and 0 interrupted iterations
students   [  77% ] 200/200 VUs  21m35.0s/28m00.0s

running (21m36.0s), 200/200 VUs, 7632 complete and 0 interrupted iterations
students   [  77% ] 200/200 VUs  21m36.0s/28m00.0s

running (21m37.0s), 200/200 VUs, 7651 complete and 0 interrupted iterations
students   [  77% ] 200/200 VUs  21m37.0s/28m00.0s

running (21m38.0s), 200/200 VUs, 7662 complete and 0 interrupted iterations
students   [  77% ] 200/200 VUs  21m38.0s/28m00.0s

running (21m39.0s), 200/200 VUs, 7671 complete and 0 interrupted iterations
students   [  77% ] 200/200 VUs  21m39.0s/28m00.0s

running (21m40.0s), 200/200 VUs, 7687 complete and 0 interrupted iterations
students   [  77% ] 200/200 VUs  21m40.0s/28m00.0s

running (21m41.0s), 200/200 VUs, 7697 complete and 0 interrupted iterations
students   [  77% ] 200/200 VUs  21m41.0s/28m00.0s

running (21m42.0s), 200/200 VUs, 7699 complete and 0 interrupted iterations
students   [  77% ] 200/200 VUs  21m42.0s/28m00.0s

running (21m43.0s), 200/200 VUs, 7709 complete and 0 interrupted iterations
students   [  78% ] 200/200 VUs  21m43.0s/28m00.0s

running (21m44.0s), 200/200 VUs, 7722 complete and 0 interrupted iterations
students   [  78% ] 200/200 VUs  21m44.0s/28m00.0s

running (21m45.0s), 200/200 VUs, 7729 complete and 0 interrupted iterations
students   [  78% ] 200/200 VUs  21m45.0s/28m00.0s

running (21m46.0s), 200/200 VUs, 7742 complete and 0 interrupted iterations
students   [  78% ] 200/200 VUs  21m46.0s/28m00.0s

running (21m47.0s), 200/200 VUs, 7756 complete and 0 interrupted iterations
students   [  78% ] 200/200 VUs  21m47.0s/28m00.0s

running (21m48.0s), 200/200 VUs, 7776 complete and 0 interrupted iterations
students   [  78% ] 200/200 VUs  21m48.0s/28m00.0s

running (21m49.0s), 200/200 VUs, 7800 complete and 0 interrupted iterations
students   [  78% ] 200/200 VUs  21m49.0s/28m00.0s

running (21m50.0s), 200/200 VUs, 7814 complete and 0 interrupted iterations
students   [  78% ] 200/200 VUs  21m50.0s/28m00.0s

running (21m51.0s), 200/200 VUs, 7832 complete and 0 interrupted iterations
students   [  78% ] 200/200 VUs  21m51.0s/28m00.0s

running (21m52.0s), 200/200 VUs, 7851 complete and 0 interrupted iterations
students   [  78% ] 200/200 VUs  21m52.0s/28m00.0s

running (21m53.0s), 200/200 VUs, 7862 complete and 0 interrupted iterations
students   [  78% ] 200/200 VUs  21m53.0s/28m00.0s

running (21m54.0s), 200/200 VUs, 7871 complete and 0 interrupted iterations
students   [  78% ] 200/200 VUs  21m54.0s/28m00.0s

running (21m55.0s), 200/200 VUs, 7887 complete and 0 interrupted iterations
students   [  78% ] 200/200 VUs  21m55.0s/28m00.0s

running (21m56.0s), 200/200 VUs, 7897 complete and 0 interrupted iterations
students   [  78% ] 200/200 VUs  21m56.0s/28m00.0s

running (21m57.0s), 200/200 VUs, 7899 complete and 0 interrupted iterations
students   [  78% ] 200/200 VUs  21m57.0s/28m00.0s

running (21m58.0s), 200/200 VUs, 7909 complete and 0 interrupted iterations
students   [  78% ] 200/200 VUs  21m58.0s/28m00.0s

running (21m59.0s), 200/200 VUs, 7922 complete and 0 interrupted iterations
students   [  79% ] 200/200 VUs  21m59.0s/28m00.0s

running (22m00.0s), 200/200 VUs, 7929 complete and 0 interrupted iterations
students   [  79% ] 200/200 VUs  22m00.0s/28m00.0s

running (22m01.0s), 200/200 VUs, 7942 complete and 0 interrupted iterations
students   [  79% ] 200/200 VUs  22m01.0s/28m00.0s

running (22m02.0s), 200/200 VUs, 7956 complete and 0 interrupted iterations
students   [  79% ] 200/200 VUs  22m02.0s/28m00.0s

running (22m03.0s), 200/200 VUs, 7976 complete and 0 interrupted iterations
students   [  79% ] 200/200 VUs  22m03.0s/28m00.0s

running (22m04.0s), 200/200 VUs, 8000 complete and 0 interrupted iterations
students   [  79% ] 200/200 VUs  22m04.0s/28m00.0s

running (22m05.0s), 200/200 VUs, 8014 complete and 0 interrupted iterations
students   [  79% ] 200/200 VUs  22m05.0s/28m00.0s

running (22m06.0s), 200/200 VUs, 8032 complete and 0 interrupted iterations
students   [  79% ] 200/200 VUs  22m06.0s/28m00.0s

running (22m07.0s), 200/200 VUs, 8051 complete and 0 interrupted iterations
students   [  79% ] 200/200 VUs  22m07.0s/28m00.0s

running (22m08.0s), 200/200 VUs, 8062 complete and 0 interrupted iterations
students   [  79% ] 200/200 VUs  22m08.0s/28m00.0s

running (22m09.0s), 200/200 VUs, 8071 complete and 0 interrupted iterations
students   [  79% ] 200/200 VUs  22m09.0s/28m00.0s

running (22m10.0s), 200/200 VUs, 8087 complete and 0 interrupted iterations
students   [  79% ] 200/200 VUs  22m10.0s/28m00.0s

running (22m11.0s), 200/200 VUs, 8097 complete and 0 interrupted iterations
students   [  79% ] 200/200 VUs  22m11.0s/28m00.0s

running (22m12.0s), 200/200 VUs, 8099 complete and 0 interrupted iterations
students   [  79% ] 200/200 VUs  22m12.0s/28m00.0s

running (22m13.0s), 200/200 VUs, 8109 complete and 0 interrupted iterations
students   [  79% ] 200/200 VUs  22m13.0s/28m00.0s

running (22m14.0s), 200/200 VUs, 8122 complete and 0 interrupted iterations
students   [  79% ] 200/200 VUs  22m14.0s/28m00.0s

running (22m15.0s), 200/200 VUs, 8129 complete and 0 interrupted iterations
students   [  79% ] 200/200 VUs  22m15.0s/28m00.0s

running (22m16.0s), 200/200 VUs, 8142 complete and 0 interrupted iterations
students   [  80% ] 200/200 VUs  22m16.0s/28m00.0s

running (22m17.0s), 200/200 VUs, 8156 complete and 0 interrupted iterations
students   [  80% ] 200/200 VUs  22m17.0s/28m00.0s

running (22m18.0s), 200/200 VUs, 8176 complete and 0 interrupted iterations
students   [  80% ] 200/200 VUs  22m18.0s/28m00.0s

running (22m19.0s), 200/200 VUs, 8200 complete and 0 interrupted iterations
students   [  80% ] 200/200 VUs  22m19.0s/28m00.0s

running (22m20.0s), 200/200 VUs, 8214 complete and 0 interrupted iterations
students   [  80% ] 200/200 VUs  22m20.0s/28m00.0s

running (22m21.0s), 200/200 VUs, 8232 complete and 0 interrupted iterations
students   [  80% ] 200/200 VUs  22m21.0s/28m00.0s

running (22m22.0s), 200/200 VUs, 8251 complete and 0 interrupted iterations
students   [  80% ] 200/200 VUs  22m22.0s/28m00.0s

running (22m23.0s), 200/200 VUs, 8262 complete and 0 interrupted iterations
students   [  80% ] 200/200 VUs  22m23.0s/28m00.0s

running (22m24.0s), 200/200 VUs, 8271 complete and 0 interrupted iterations
students   [  80% ] 200/200 VUs  22m24.0s/28m00.0s

running (22m25.0s), 200/200 VUs, 8287 complete and 0 interrupted iterations
students   [  80% ] 200/200 VUs  22m25.0s/28m00.0s

running (22m26.0s), 200/200 VUs, 8297 complete and 0 interrupted iterations
students   [  80% ] 200/200 VUs  22m26.0s/28m00.0s

running (22m27.0s), 200/200 VUs, 8299 complete and 0 interrupted iterations
students   [  80% ] 200/200 VUs  22m27.0s/28m00.0s

running (22m28.0s), 200/200 VUs, 8309 complete and 0 interrupted iterations
students   [  80% ] 200/200 VUs  22m28.0s/28m00.0s

running (22m29.0s), 200/200 VUs, 8322 complete and 0 interrupted iterations
students   [  80% ] 200/200 VUs  22m29.0s/28m00.0s

running (22m30.0s), 200/200 VUs, 8329 complete and 0 interrupted iterations
students   [  80% ] 200/200 VUs  22m30.0s/28m00.0s

running (22m31.0s), 200/200 VUs, 8342 complete and 0 interrupted iterations
students   [  80% ] 200/200 VUs  22m31.0s/28m00.0s

running (22m32.0s), 200/200 VUs, 8356 complete and 0 interrupted iterations
students   [  80% ] 200/200 VUs  22m32.0s/28m00.0s

running (22m33.0s), 200/200 VUs, 8376 complete and 0 interrupted iterations
students   [  81% ] 200/200 VUs  22m33.0s/28m00.0s

running (22m34.0s), 200/200 VUs, 8400 complete and 0 interrupted iterations
students   [  81% ] 200/200 VUs  22m34.0s/28m00.0s

running (22m35.0s), 200/200 VUs, 8414 complete and 0 interrupted iterations
students   [  81% ] 200/200 VUs  22m35.0s/28m00.0s

running (22m36.0s), 200/200 VUs, 8432 complete and 0 interrupted iterations
students   [  81% ] 200/200 VUs  22m36.0s/28m00.0s

running (22m37.0s), 200/200 VUs, 8451 complete and 0 interrupted iterations
students   [  81% ] 200/200 VUs  22m37.0s/28m00.0s

running (22m38.0s), 200/200 VUs, 8462 complete and 0 interrupted iterations
students   [  81% ] 200/200 VUs  22m38.0s/28m00.0s

running (22m39.0s), 200/200 VUs, 8471 complete and 0 interrupted iterations
students   [  81% ] 200/200 VUs  22m39.0s/28m00.0s

running (22m40.0s), 200/200 VUs, 8487 complete and 0 interrupted iterations
students   [  81% ] 200/200 VUs  22m40.0s/28m00.0s

running (22m41.0s), 200/200 VUs, 8497 complete and 0 interrupted iterations
students   [  81% ] 200/200 VUs  22m41.0s/28m00.0s

running (22m42.0s), 200/200 VUs, 8499 complete and 0 interrupted iterations
students   [  81% ] 200/200 VUs  22m42.0s/28m00.0s

running (22m43.0s), 200/200 VUs, 8509 complete and 0 interrupted iterations
students   [  81% ] 200/200 VUs  22m43.0s/28m00.0s

running (22m44.0s), 200/200 VUs, 8522 complete and 0 interrupted iterations
students   [  81% ] 200/200 VUs  22m44.0s/28m00.0s

running (22m45.0s), 200/200 VUs, 8529 complete and 0 interrupted iterations
students   [  81% ] 200/200 VUs  22m45.0s/28m00.0s

running (22m46.0s), 200/200 VUs, 8542 complete and 0 interrupted iterations
students   [  81% ] 200/200 VUs  22m46.0s/28m00.0s

running (22m47.0s), 200/200 VUs, 8556 complete and 0 interrupted iterations
students   [  81% ] 200/200 VUs  22m47.0s/28m00.0s

running (22m48.0s), 200/200 VUs, 8576 complete and 0 interrupted iterations
students   [  81% ] 200/200 VUs  22m48.0s/28m00.0s

running (22m49.0s), 200/200 VUs, 8600 complete and 0 interrupted iterations
students   [  81% ] 200/200 VUs  22m49.0s/28m00.0s

running (22m50.0s), 200/200 VUs, 8614 complete and 0 interrupted iterations
students   [  82% ] 200/200 VUs  22m50.0s/28m00.0s

running (22m51.0s), 200/200 VUs, 8632 complete and 0 interrupted iterations
students   [  82% ] 200/200 VUs  22m51.0s/28m00.0s

running (22m52.0s), 200/200 VUs, 8651 complete and 0 interrupted iterations
students   [  82% ] 200/200 VUs  22m52.0s/28m00.0s

running (22m53.0s), 200/200 VUs, 8662 complete and 0 interrupted iterations
students   [  82% ] 200/200 VUs  22m53.0s/28m00.0s

running (22m54.0s), 200/200 VUs, 8671 complete and 0 interrupted iterations
students   [  82% ] 200/200 VUs  22m54.0s/28m00.0s

running (22m55.0s), 200/200 VUs, 8687 complete and 0 interrupted iterations
students   [  82% ] 200/200 VUs  22m55.0s/28m00.0s

running (22m56.0s), 200/200 VUs, 8697 complete and 0 interrupted iterations
students   [  82% ] 200/200 VUs  22m56.0s/28m00.0s

running (22m57.0s), 200/200 VUs, 8699 complete and 0 interrupted iterations
students   [  82% ] 200/200 VUs  22m57.0s/28m00.0s

running (22m58.0s), 200/200 VUs, 8709 complete and 0 interrupted iterations
students   [  82% ] 200/200 VUs  22m58.0s/28m00.0s

running (22m59.0s), 200/200 VUs, 8722 complete and 0 interrupted iterations
students   [  82% ] 200/200 VUs  22m59.0s/28m00.0s

running (23m00.0s), 200/200 VUs, 8729 complete and 0 interrupted iterations
students   [  82% ] 200/200 VUs  23m00.0s/28m00.0s

running (23m01.0s), 200/200 VUs, 8742 complete and 0 interrupted iterations
students   [  82% ] 200/200 VUs  23m01.0s/28m00.0s

running (23m02.0s), 200/200 VUs, 8756 complete and 0 interrupted iterations
students   [  82% ] 200/200 VUs  23m02.0s/28m00.0s

running (23m03.0s), 200/200 VUs, 8776 complete and 0 interrupted iterations
students   [  82% ] 200/200 VUs  23m03.0s/28m00.0s

running (23m04.0s), 200/200 VUs, 8800 complete and 0 interrupted iterations
students   [  82% ] 200/200 VUs  23m04.0s/28m00.0s

running (23m05.0s), 200/200 VUs, 8814 complete and 0 interrupted iterations
students   [  82% ] 200/200 VUs  23m05.0s/28m00.0s

running (23m06.0s), 200/200 VUs, 8832 complete and 0 interrupted iterations
students   [  82% ] 200/200 VUs  23m06.0s/28m00.0s

running (23m07.0s), 200/200 VUs, 8851 complete and 0 interrupted iterations
students   [  83% ] 200/200 VUs  23m07.0s/28m00.0s

running (23m08.0s), 200/200 VUs, 8862 complete and 0 interrupted iterations
students   [  83% ] 200/200 VUs  23m08.0s/28m00.0s

running (23m09.0s), 200/200 VUs, 8871 complete and 0 interrupted iterations
students   [  83% ] 200/200 VUs  23m09.0s/28m00.0s

running (23m10.0s), 200/200 VUs, 8887 complete and 0 interrupted iterations
students   [  83% ] 200/200 VUs  23m10.0s/28m00.0s

running (23m11.0s), 200/200 VUs, 8897 complete and 0 interrupted iterations
students   [  83% ] 200/200 VUs  23m11.0s/28m00.0s

running (23m12.0s), 200/200 VUs, 8899 complete and 0 interrupted iterations
students   [  83% ] 200/200 VUs  23m12.0s/28m00.0s

running (23m13.0s), 200/200 VUs, 8909 complete and 0 interrupted iterations
students   [  83% ] 200/200 VUs  23m13.0s/28m00.0s

running (23m14.0s), 200/200 VUs, 8922 complete and 0 interrupted iterations
students   [  83% ] 200/200 VUs  23m14.0s/28m00.0s

running (23m15.0s), 200/200 VUs, 8929 complete and 0 interrupted iterations
students   [  83% ] 200/200 VUs  23m15.0s/28m00.0s

running (23m16.0s), 200/200 VUs, 8942 complete and 0 interrupted iterations
students   [  83% ] 200/200 VUs  23m16.0s/28m00.0s

running (23m17.0s), 200/200 VUs, 8956 complete and 0 interrupted iterations
students   [  83% ] 200/200 VUs  23m17.0s/28m00.0s

running (23m18.0s), 200/200 VUs, 8976 complete and 0 interrupted iterations
students   [  83% ] 200/200 VUs  23m18.0s/28m00.0s

running (23m19.0s), 200/200 VUs, 9000 complete and 0 interrupted iterations
students   [  83% ] 200/200 VUs  23m19.0s/28m00.0s

running (23m20.0s), 200/200 VUs, 9014 complete and 0 interrupted iterations
students   [  83% ] 200/200 VUs  23m20.0s/28m00.0s

running (23m21.0s), 200/200 VUs, 9032 complete and 0 interrupted iterations
students   [  83% ] 200/200 VUs  23m21.0s/28m00.0s

running (23m22.0s), 200/200 VUs, 9051 complete and 0 interrupted iterations
students   [  83% ] 200/200 VUs  23m22.0s/28m00.0s

running (23m23.0s), 200/200 VUs, 9062 complete and 0 interrupted iterations
students   [  84% ] 200/200 VUs  23m23.0s/28m00.0s

running (23m24.0s), 200/200 VUs, 9071 complete and 0 interrupted iterations
students   [  84% ] 200/200 VUs  23m24.0s/28m00.0s

running (23m25.0s), 200/200 VUs, 9087 complete and 0 interrupted iterations
students   [  84% ] 200/200 VUs  23m25.0s/28m00.0s

running (23m26.0s), 200/200 VUs, 9097 complete and 0 interrupted iterations
students   [  84% ] 200/200 VUs  23m26.0s/28m00.0s

running (23m27.0s), 200/200 VUs, 9099 complete and 0 interrupted iterations
students   [  84% ] 200/200 VUs  23m27.0s/28m00.0s

running (23m28.0s), 200/200 VUs, 9109 complete and 0 interrupted iterations
students   [  84% ] 200/200 VUs  23m28.0s/28m00.0s

running (23m29.0s), 200/200 VUs, 9122 complete and 0 interrupted iterations
students   [  84% ] 200/200 VUs  23m29.0s/28m00.0s

running (23m30.0s), 200/200 VUs, 9129 complete and 0 interrupted iterations
students   [  84% ] 200/200 VUs  23m30.0s/28m00.0s

running (23m31.0s), 200/200 VUs, 9142 complete and 0 interrupted iterations
students   [  84% ] 200/200 VUs  23m31.0s/28m00.0s

running (23m32.0s), 200/200 VUs, 9156 complete and 0 interrupted iterations
students   [  84% ] 200/200 VUs  23m32.0s/28m00.0s

running (23m33.0s), 200/200 VUs, 9176 complete and 0 interrupted iterations
students   [  84% ] 200/200 VUs  23m33.0s/28m00.0s

running (23m34.0s), 200/200 VUs, 9200 complete and 0 interrupted iterations
students   [  84% ] 200/200 VUs  23m34.0s/28m00.0s

running (23m35.0s), 200/200 VUs, 9214 complete and 0 interrupted iterations
students   [  84% ] 200/200 VUs  23m35.0s/28m00.0s

running (23m36.0s), 200/200 VUs, 9232 complete and 0 interrupted iterations
students   [  84% ] 200/200 VUs  23m36.0s/28m00.0s

running (23m37.0s), 200/200 VUs, 9251 complete and 0 interrupted iterations
students   [  84% ] 200/200 VUs  23m37.0s/28m00.0s

running (23m38.0s), 200/200 VUs, 9262 complete and 0 interrupted iterations
students   [  84% ] 200/200 VUs  23m38.0s/28m00.0s

running (23m39.0s), 200/200 VUs, 9271 complete and 0 interrupted iterations
students   [  84% ] 200/200 VUs  23m39.0s/28m00.0s

running (23m40.0s), 200/200 VUs, 9287 complete and 0 interrupted iterations
students   [  85% ] 200/200 VUs  23m40.0s/28m00.0s

running (23m41.0s), 200/200 VUs, 9297 complete and 0 interrupted iterations
students   [  85% ] 200/200 VUs  23m41.0s/28m00.0s

running (23m42.0s), 200/200 VUs, 9299 complete and 0 interrupted iterations
students   [  85% ] 200/200 VUs  23m42.0s/28m00.0s

running (23m43.0s), 200/200 VUs, 9309 complete and 0 interrupted iterations
students   [  85% ] 200/200 VUs  23m43.0s/28m00.0s

running (23m44.0s), 200/200 VUs, 9322 complete and 0 interrupted iterations
students   [  85% ] 200/200 VUs  23m44.0s/28m00.0s

running (23m45.0s), 200/200 VUs, 9329 complete and 0 interrupted iterations
students   [  85% ] 200/200 VUs  23m45.0s/28m00.0s

running (23m46.0s), 200/200 VUs, 9342 complete and 0 interrupted iterations
students   [  85% ] 200/200 VUs  23m46.0s/28m00.0s

running (23m47.0s), 200/200 VUs, 9356 complete and 0 interrupted iterations
students   [  85% ] 200/200 VUs  23m47.0s/28m00.0s

running (23m48.0s), 200/200 VUs, 9376 complete and 0 interrupted iterations
students   [  85% ] 200/200 VUs  23m48.0s/28m00.0s

running (23m49.0s), 200/200 VUs, 9400 complete and 0 interrupted iterations
students   [  85% ] 200/200 VUs  23m49.0s/28m00.0s

running (23m50.0s), 200/200 VUs, 9414 complete and 0 interrupted iterations
students   [  85% ] 200/200 VUs  23m50.0s/28m00.0s

running (23m51.0s), 200/200 VUs, 9432 complete and 0 interrupted iterations
students   [  85% ] 200/200 VUs  23m51.0s/28m00.0s

running (23m52.0s), 200/200 VUs, 9451 complete and 0 interrupted iterations
students   [  85% ] 200/200 VUs  23m52.0s/28m00.0s

running (23m53.0s), 200/200 VUs, 9462 complete and 0 interrupted iterations
students   [  85% ] 200/200 VUs  23m53.0s/28m00.0s

running (23m54.0s), 200/200 VUs, 9471 complete and 0 interrupted iterations
students   [  85% ] 200/200 VUs  23m54.0s/28m00.0s

running (23m55.0s), 200/200 VUs, 9487 complete and 0 interrupted iterations
students   [  85% ] 200/200 VUs  23m55.0s/28m00.0s

running (23m56.0s), 200/200 VUs, 9497 complete and 0 interrupted iterations
students   [  85% ] 200/200 VUs  23m56.0s/28m00.0s

running (23m57.0s), 200/200 VUs, 9499 complete and 0 interrupted iterations
students   [  86% ] 200/200 VUs  23m57.0s/28m00.0s

running (23m58.0s), 200/200 VUs, 9509 complete and 0 interrupted iterations
students   [  86% ] 200/200 VUs  23m58.0s/28m00.0s

running (23m59.0s), 200/200 VUs, 9522 complete and 0 interrupted iterations
students   [  86% ] 200/200 VUs  23m59.0s/28m00.0s

running (24m00.0s), 200/200 VUs, 9529 complete and 0 interrupted iterations
students   [  86% ] 200/200 VUs  24m00.0s/28m00.0s

running (24m01.0s), 200/200 VUs, 9542 complete and 0 interrupted iterations
students   [  86% ] 200/200 VUs  24m01.0s/28m00.0s

running (24m02.0s), 200/200 VUs, 9556 complete and 0 interrupted iterations
students   [  86% ] 200/200 VUs  24m02.0s/28m00.0s

running (24m03.0s), 200/200 VUs, 9576 complete and 0 interrupted iterations
students   [  86% ] 200/200 VUs  24m03.0s/28m00.0s

running (24m04.0s), 199/200 VUs, 9600 complete and 0 interrupted iterations
students   [  86% ] 199/200 VUs  24m04.0s/28m00.0s

running (24m05.0s), 199/200 VUs, 9614 complete and 0 interrupted iterations
students   [  86% ] 199/200 VUs  24m05.0s/28m00.0s

running (24m06.0s), 198/200 VUs, 9632 complete and 0 interrupted iterations
students   [  86% ] 198/200 VUs  24m06.0s/28m00.0s

running (24m07.0s), 197/200 VUs, 9651 complete and 0 interrupted iterations
students   [  86% ] 197/200 VUs  24m07.0s/28m00.0s

running (24m08.0s), 197/200 VUs, 9662 complete and 0 interrupted iterations
students   [  86% ] 197/200 VUs  24m08.0s/28m00.0s

running (24m09.0s), 197/200 VUs, 9671 complete and 0 interrupted iterations
students   [  86% ] 197/200 VUs  24m09.0s/28m00.0s

running (24m10.0s), 197/200 VUs, 9687 complete and 0 interrupted iterations
students   [  86% ] 197/200 VUs  24m10.0s/28m00.0s

running (24m11.0s), 196/200 VUs, 9697 complete and 0 interrupted iterations
students   [  86% ] 196/200 VUs  24m11.0s/28m00.0s

running (24m12.0s), 196/200 VUs, 9699 complete and 0 interrupted iterations
students   [  86% ] 196/200 VUs  24m12.0s/28m00.0s

running (24m13.0s), 193/200 VUs, 9709 complete and 0 interrupted iterations
students   [  86% ] 193/200 VUs  24m13.0s/28m00.0s

running (24m14.0s), 193/200 VUs, 9722 complete and 0 interrupted iterations
students   [  87% ] 193/200 VUs  24m14.0s/28m00.0s

running (24m15.0s), 193/200 VUs, 9729 complete and 0 interrupted iterations
students   [  87% ] 193/200 VUs  24m15.0s/28m00.0s

running (24m16.0s), 193/200 VUs, 9742 complete and 0 interrupted iterations
students   [  87% ] 193/200 VUs  24m16.0s/28m00.0s

running (24m17.0s), 193/200 VUs, 9756 complete and 0 interrupted iterations
students   [  87% ] 193/200 VUs  24m17.0s/28m00.0s

running (24m18.0s), 192/200 VUs, 9776 complete and 0 interrupted iterations
students   [  87% ] 192/200 VUs  24m18.0s/28m00.0s

running (24m19.0s), 192/200 VUs, 9799 complete and 0 interrupted iterations
students   [  87% ] 192/200 VUs  24m19.0s/28m00.0s

running (24m20.0s), 191/200 VUs, 9813 complete and 0 interrupted iterations
students   [  87% ] 191/200 VUs  24m20.0s/28m00.0s

running (24m21.0s), 188/200 VUs, 9830 complete and 0 interrupted iterations
students   [  87% ] 188/200 VUs  24m21.0s/28m00.0s

running (24m22.0s), 188/200 VUs, 9848 complete and 0 interrupted iterations
students   [  87% ] 188/200 VUs  24m22.0s/28m00.0s

running (24m23.0s), 188/200 VUs, 9859 complete and 0 interrupted iterations
students   [  87% ] 188/200 VUs  24m23.0s/28m00.0s

running (24m24.0s), 188/200 VUs, 9868 complete and 0 interrupted iterations
students   [  87% ] 188/200 VUs  24m24.0s/28m00.0s

running (24m25.0s), 187/200 VUs, 9884 complete and 0 interrupted iterations
students   [  87% ] 187/200 VUs  24m25.0s/28m00.0s

running (24m26.0s), 185/200 VUs, 9893 complete and 0 interrupted iterations
students   [  87% ] 185/200 VUs  24m26.0s/28m00.0s

running (24m27.0s), 185/200 VUs, 9895 complete and 0 interrupted iterations
students   [  87% ] 185/200 VUs  24m27.0s/28m00.0s

running (24m28.0s), 185/200 VUs, 9902 complete and 0 interrupted iterations
students   [  87% ] 185/200 VUs  24m28.0s/28m00.0s

running (24m29.0s), 184/200 VUs, 9915 complete and 0 interrupted iterations
students   [  87% ] 184/200 VUs  24m29.0s/28m00.0s

running (24m30.0s), 183/200 VUs, 9922 complete and 0 interrupted iterations
students   [  87% ] 183/200 VUs  24m30.0s/28m00.0s

running (24m31.0s), 182/200 VUs, 9935 complete and 0 interrupted iterations
students   [  88% ] 182/200 VUs  24m31.0s/28m00.0s

running (24m32.0s), 178/200 VUs, 9949 complete and 0 interrupted iterations
students   [  88% ] 178/200 VUs  24m32.0s/28m00.0s

running (24m33.0s), 178/200 VUs, 9968 complete and 0 interrupted iterations
students   [  88% ] 178/200 VUs  24m33.0s/28m00.0s

running (24m34.0s), 177/200 VUs, 9991 complete and 0 interrupted iterations
students   [  88% ] 177/200 VUs  24m34.0s/28m00.0s

running (24m35.0s), 177/200 VUs, 10004 complete and 0 interrupted iterations
students   [  88% ] 177/200 VUs  24m35.0s/28m00.0s

running (24m36.0s), 177/200 VUs, 10018 complete and 0 interrupted iterations
students   [  88% ] 177/200 VUs  24m36.0s/28m00.0s

running (24m37.0s), 176/200 VUs, 10036 complete and 0 interrupted iterations
students   [  88% ] 176/200 VUs  24m37.0s/28m00.0s

running (24m38.0s), 174/200 VUs, 10047 complete and 0 interrupted iterations
students   [  88% ] 174/200 VUs  24m38.0s/28m00.0s

running (24m39.0s), 172/200 VUs, 10056 complete and 0 interrupted iterations
students   [  88% ] 172/200 VUs  24m39.0s/28m00.0s

running (24m40.0s), 171/200 VUs, 10071 complete and 0 interrupted iterations
students   [  88% ] 171/200 VUs  24m40.0s/28m00.0s

running (24m41.0s), 171/200 VUs, 10078 complete and 0 interrupted iterations
students   [  88% ] 171/200 VUs  24m41.0s/28m00.0s

running (24m42.0s), 169/200 VUs, 10080 complete and 0 interrupted iterations
students   [  88% ] 169/200 VUs  24m42.0s/28m00.0s

running (24m43.0s), 169/200 VUs, 10087 complete and 0 interrupted iterations
students   [  88% ] 169/200 VUs  24m43.0s/28m00.0s

running (24m44.0s), 169/200 VUs, 10099 complete and 0 interrupted iterations
students   [  88% ] 169/200 VUs  24m44.0s/28m00.0s

running (24m45.0s), 169/200 VUs, 10105 complete and 0 interrupted iterations
students   [  88% ] 169/200 VUs  24m45.0s/28m00.0s

running (24m46.0s), 169/200 VUs, 10117 complete and 0 interrupted iterations
students   [  88% ] 169/200 VUs  24m46.0s/28m00.0s

running (24m47.0s), 168/200 VUs, 10127 complete and 0 interrupted iterations
students   [  89% ] 168/200 VUs  24m47.0s/28m00.0s

running (24m48.0s), 167/200 VUs, 10146 complete and 0 interrupted iterations
students   [  89% ] 167/200 VUs  24m48.0s/28m00.0s

running (24m49.0s), 167/200 VUs, 10168 complete and 0 interrupted iterations
students   [  89% ] 167/200 VUs  24m49.0s/28m00.0s

running (24m50.0s), 163/200 VUs, 10181 complete and 0 interrupted iterations
students   [  89% ] 163/200 VUs  24m50.0s/28m00.0s

running (24m51.0s), 162/200 VUs, 10195 complete and 0 interrupted iterations
students   [  89% ] 162/200 VUs  24m51.0s/28m00.0s

running (24m52.0s), 162/200 VUs, 10212 complete and 0 interrupted iterations
students   [  89% ] 162/200 VUs  24m52.0s/28m00.0s

running (24m53.0s), 161/200 VUs, 10221 complete and 0 interrupted iterations
students   [  89% ] 161/200 VUs  24m53.0s/28m00.0s

running (24m54.0s), 161/200 VUs, 10228 complete and 0 interrupted iterations
students   [  89% ] 161/200 VUs  24m54.0s/28m00.0s

running (24m55.0s), 160/200 VUs, 10242 complete and 0 interrupted iterations
students   [  89% ] 160/200 VUs  24m55.0s/28m00.0s

running (24m56.0s), 160/200 VUs, 10249 complete and 0 interrupted iterations
students   [  89% ] 160/200 VUs  24m56.0s/28m00.0s

running (24m57.0s), 160/200 VUs, 10249 complete and 0 interrupted iterations
students   [  89% ] 160/200 VUs  24m57.0s/28m00.0s

running (24m58.0s), 160/200 VUs, 10256 complete and 0 interrupted iterations
students   [  89% ] 160/200 VUs  24m58.0s/28m00.0s

running (24m59.0s), 159/200 VUs, 10268 complete and 0 interrupted iterations
students   [  89% ] 159/200 VUs  24m59.0s/28m00.0s

running (25m00.0s), 159/200 VUs, 10274 complete and 0 interrupted iterations
students   [  89% ] 159/200 VUs  25m00.0s/28m00.0s

running (25m01.0s), 158/200 VUs, 10286 complete and 0 interrupted iterations
students   [  89% ] 158/200 VUs  25m01.0s/28m00.0s

running (25m02.0s), 157/200 VUs, 10295 complete and 0 interrupted iterations
students   [  89% ] 157/200 VUs  25m02.0s/28m00.0s

running (25m03.0s), 157/200 VUs, 10313 complete and 0 interrupted iterations
students   [  89% ] 157/200 VUs  25m03.0s/28m00.0s

running (25m04.0s), 156/200 VUs, 10335 complete and 0 interrupted iterations
students   [  90% ] 156/200 VUs  25m04.0s/28m00.0s

running (25m05.0s), 156/200 VUs, 10344 complete and 0 interrupted iterations
students   [  90% ] 156/200 VUs  25m05.0s/28m00.0s

running (25m06.0s), 156/200 VUs, 10357 complete and 0 interrupted iterations
students   [  90% ] 156/200 VUs  25m06.0s/28m00.0s

running (25m07.0s), 155/200 VUs, 10374 complete and 0 interrupted iterations
students   [  90% ] 155/200 VUs  25m07.0s/28m00.0s

running (25m08.0s), 152/200 VUs, 10382 complete and 0 interrupted iterations
students   [  90% ] 152/200 VUs  25m08.0s/28m00.0s

running (25m09.0s), 152/200 VUs, 10389 complete and 0 interrupted iterations
students   [  90% ] 152/200 VUs  25m09.0s/28m00.0s

running (25m10.0s), 150/200 VUs, 10402 complete and 0 interrupted iterations
students   [  90% ] 150/200 VUs  25m10.0s/28m00.0s

running (25m11.0s), 147/200 VUs, 10409 complete and 0 interrupted iterations
students   [  90% ] 147/200 VUs  25m11.0s/28m00.0s

running (25m12.0s), 147/200 VUs, 10409 complete and 0 interrupted iterations
students   [  90% ] 147/200 VUs  25m12.0s/28m00.0s

running (25m13.0s), 146/200 VUs, 10416 complete and 0 interrupted iterations
students   [  90% ] 146/200 VUs  25m13.0s/28m00.0s

running (25m14.0s), 145/200 VUs, 10427 complete and 0 interrupted iterations
students   [  90% ] 145/200 VUs  25m14.0s/28m00.0s

running (25m15.0s), 145/200 VUs, 10433 complete and 0 interrupted iterations
students   [  90% ] 145/200 VUs  25m15.0s/28m00.0s

running (25m16.0s), 144/200 VUs, 10444 complete and 0 interrupted iterations
students   [  90% ] 144/200 VUs  25m16.0s/28m00.0s

running (25m17.0s), 143/200 VUs, 10452 complete and 0 interrupted iterations
students   [  90% ] 143/200 VUs  25m17.0s/28m00.0s

running (25m18.0s), 142/200 VUs, 10470 complete and 0 interrupted iterations
students   [  90% ] 142/200 VUs  25m18.0s/28m00.0s

running (25m19.0s), 140/200 VUs, 10491 complete and 0 interrupted iterations
students   [  90% ] 140/200 VUs  25m19.0s/28m00.0s

running (25m20.0s), 140/200 VUs, 10500 complete and 0 interrupted iterations
students   [  90% ] 140/200 VUs  25m20.0s/28m00.0s

running (25m21.0s), 138/200 VUs, 10513 complete and 0 interrupted iterations
students   [  91% ] 138/200 VUs  25m21.0s/28m00.0s

running (25m22.0s), 138/200 VUs, 10529 complete and 0 interrupted iterations
students   [  91% ] 138/200 VUs  25m22.0s/28m00.0s

running (25m23.0s), 138/200 VUs, 10534 complete and 0 interrupted iterations
students   [  91% ] 138/200 VUs  25m23.0s/28m00.0s

running (25m24.0s), 137/200 VUs, 10541 complete and 0 interrupted iterations
students   [  91% ] 137/200 VUs  25m24.0s/28m00.0s

running (25m25.0s), 136/200 VUs, 10552 complete and 0 interrupted iterations
students   [  91% ] 136/200 VUs  25m25.0s/28m00.0s

running (25m26.0s), 136/200 VUs, 10556 complete and 0 interrupted iterations
students   [  91% ] 136/200 VUs  25m26.0s/28m00.0s

running (25m27.0s), 136/200 VUs, 10556 complete and 0 interrupted iterations
students   [  91% ] 136/200 VUs  25m27.0s/28m00.0s

running (25m28.0s), 136/200 VUs, 10562 complete and 0 interrupted iterations
students   [  91% ] 136/200 VUs  25m28.0s/28m00.0s

running (25m29.0s), 135/200 VUs, 10572 complete and 0 interrupted iterations
students   [  91% ] 135/200 VUs  25m29.0s/28m00.0s

running (25m30.0s), 135/200 VUs, 10578 complete and 0 interrupted iterations
students   [  91% ] 135/200 VUs  25m30.0s/28m00.0s

running (25m31.0s), 135/200 VUs, 10588 complete and 0 interrupted iterations
students   [  91% ] 135/200 VUs  25m31.0s/28m00.0s

running (25m32.0s), 132/200 VUs, 10595 complete and 0 interrupted iterations
students   [  91% ] 132/200 VUs  25m32.0s/28m00.0s

running (25m33.0s), 129/200 VUs, 10612 complete and 0 interrupted iterations
students   [  91% ] 129/200 VUs  25m33.0s/28m00.0s

running (25m34.0s), 127/200 VUs, 10631 complete and 0 interrupted iterations
students   [  91% ] 127/200 VUs  25m34.0s/28m00.0s

running (25m35.0s), 126/200 VUs, 10640 complete and 0 interrupted iterations
students   [  91% ] 126/200 VUs  25m35.0s/28m00.0s

running (25m36.0s), 125/200 VUs, 10651 complete and 0 interrupted iterations
students   [  91% ] 125/200 VUs  25m36.0s/28m00.0s

running (25m37.0s), 122/200 VUs, 10667 complete and 0 interrupted iterations
students   [  91% ] 122/200 VUs  25m37.0s/28m00.0s

running (25m38.0s), 122/200 VUs, 10672 complete and 0 interrupted iterations
students   [  92% ] 122/200 VUs  25m38.0s/28m00.0s

running (25m39.0s), 122/200 VUs, 10678 complete and 0 interrupted iterations
students   [  92% ] 122/200 VUs  25m39.0s/28m00.0s

running (25m40.0s), 121/200 VUs, 10688 complete and 0 interrupted iterations
students   [  92% ] 121/200 VUs  25m40.0s/28m00.0s

running (25m41.0s), 121/200 VUs, 10692 complete and 0 interrupted iterations
students   [  92% ] 121/200 VUs  25m41.0s/28m00.0s

running (25m42.0s), 121/200 VUs, 10692 complete and 0 interrupted iterations
students   [  92% ] 121/200 VUs  25m42.0s/28m00.0s

running (25m43.0s), 121/200 VUs, 10698 complete and 0 interrupted iterations
students   [  92% ] 121/200 VUs  25m43.0s/28m00.0s

running (25m44.0s), 121/200 VUs, 10707 complete and 0 interrupted iterations
students   [  92% ] 121/200 VUs  25m44.0s/28m00.0s

running (25m45.0s), 121/200 VUs, 10713 complete and 0 interrupted iterations
students   [  92% ] 121/200 VUs  25m45.0s/28m00.0s

running (25m46.0s), 119/200 VUs, 10723 complete and 0 interrupted iterations
students   [  92% ] 119/200 VUs  25m46.0s/28m00.0s

running (25m47.0s), 118/200 VUs, 10727 complete and 0 interrupted iterations
students   [  92% ] 118/200 VUs  25m47.0s/28m00.0s

running (25m48.0s), 117/200 VUs, 10741 complete and 0 interrupted iterations
students   [  92% ] 117/200 VUs  25m48.0s/28m00.0s

running (25m49.0s), 117/200 VUs, 10758 complete and 0 interrupted iterations
students   [  92% ] 117/200 VUs  25m49.0s/28m00.0s

running (25m50.0s), 116/200 VUs, 10766 complete and 0 interrupted iterations
students   [  92% ] 116/200 VUs  25m50.0s/28m00.0s

running (25m51.0s), 116/200 VUs, 10776 complete and 0 interrupted iterations
students   [  92% ] 116/200 VUs  25m51.0s/28m00.0s

running (25m52.0s), 114/200 VUs, 10789 complete and 0 interrupted iterations
students   [  92% ] 114/200 VUs  25m52.0s/28m00.0s

running (25m53.0s), 113/200 VUs, 10794 complete and 0 interrupted iterations
students   [  92% ] 113/200 VUs  25m53.0s/28m00.0s

running (25m54.0s), 112/200 VUs, 10800 complete and 0 interrupted iterations
students   [  92% ] 112/200 VUs  25m54.0s/28m00.0s

running (25m55.0s), 112/200 VUs, 10809 complete and 0 interrupted iterations
students   [  93% ] 112/200 VUs  25m55.0s/28m00.0s

running (25m56.0s), 110/200 VUs, 10813 complete and 0 interrupted iterations
students   [  93% ] 110/200 VUs  25m56.0s/28m00.0s

running (25m57.0s), 110/200 VUs, 10813 complete and 0 interrupted iterations
students   [  93% ] 110/200 VUs  25m57.0s/28m00.0s

running (25m58.0s), 109/200 VUs, 10819 complete and 0 interrupted iterations
students   [  93% ] 109/200 VUs  25m58.0s/28m00.0s

running (25m59.0s), 109/200 VUs, 10828 complete and 0 interrupted iterations
students   [  93% ] 109/200 VUs  25m59.0s/28m00.0s

running (26m00.0s), 107/200 VUs, 10834 complete and 0 interrupted iterations
students   [  93% ] 107/200 VUs  26m00.0s/28m00.0s

running (26m01.0s), 107/200 VUs, 10842 complete and 0 interrupted iterations
students   [  93% ] 107/200 VUs  26m01.0s/28m00.0s

running (26m02.0s), 107/200 VUs, 10845 complete and 0 interrupted iterations
students   [  93% ] 107/200 VUs  26m02.0s/28m00.0s

running (26m03.0s), 106/200 VUs, 10858 complete and 0 interrupted iterations
students   [  93% ] 106/200 VUs  26m03.0s/28m00.0s

running (26m04.0s), 103/200 VUs, 10875 complete and 0 interrupted iterations
students   [  93% ] 103/200 VUs  26m04.0s/28m00.0s

running (26m05.0s), 103/200 VUs, 10882 complete and 0 interrupted iterations
students   [  93% ] 103/200 VUs  26m05.0s/28m00.0s

running (26m06.0s), 099/200 VUs, 10892 complete and 0 interrupted iterations
students   [  93% ] 099/200 VUs  26m06.0s/28m00.0s

running (26m07.0s), 099/200 VUs, 10903 complete and 0 interrupted iterations
students   [  93% ] 099/200 VUs  26m07.0s/28m00.0s

running (26m08.0s), 099/200 VUs, 10907 complete and 0 interrupted iterations
students   [  93% ] 099/200 VUs  26m08.0s/28m00.0s

running (26m09.0s), 098/200 VUs, 10912 complete and 0 interrupted iterations
students   [  93% ] 098/200 VUs  26m09.0s/28m00.0s

running (26m10.0s), 098/200 VUs, 10921 complete and 0 interrupted iterations
students   [  93% ] 098/200 VUs  26m10.0s/28m00.0s

running (26m11.0s), 098/200 VUs, 10923 complete and 0 interrupted iterations
students   [  94% ] 098/200 VUs  26m11.0s/28m00.0s

running (26m12.0s), 098/200 VUs, 10923 complete and 0 interrupted iterations
students   [  94% ] 098/200 VUs  26m12.0s/28m00.0s

running (26m13.0s), 098/200 VUs, 10928 complete and 0 interrupted iterations
students   [  94% ] 098/200 VUs  26m13.0s/28m00.0s

running (26m14.0s), 097/200 VUs, 10937 complete and 0 interrupted iterations
students   [  94% ] 097/200 VUs  26m14.0s/28m00.0s

running (26m15.0s), 097/200 VUs, 10940 complete and 0 interrupted iterations
students   [  94% ] 097/200 VUs  26m15.0s/28m00.0s

running (26m16.0s), 096/200 VUs, 10949 complete and 0 interrupted iterations
students   [  94% ] 096/200 VUs  26m16.0s/28m00.0s

running (26m17.0s), 096/200 VUs, 10952 complete and 0 interrupted iterations
students   [  94% ] 096/200 VUs  26m17.0s/28m00.0s

running (26m18.0s), 093/200 VUs, 10964 complete and 0 interrupted iterations
students   [  94% ] 093/200 VUs  26m18.0s/28m00.0s

running (26m19.0s), 091/200 VUs, 10978 complete and 0 interrupted iterations
students   [  94% ] 091/200 VUs  26m19.0s/28m00.0s

running (26m20.0s), 088/200 VUs, 10985 complete and 0 interrupted iterations
students   [  94% ] 088/200 VUs  26m20.0s/28m00.0s

running (26m21.0s), 087/200 VUs, 10991 complete and 0 interrupted iterations
students   [  94% ] 087/200 VUs  26m21.0s/28m00.0s

running (26m22.0s), 086/200 VUs, 11002 complete and 0 interrupted iterations
students   [  94% ] 086/200 VUs  26m22.0s/28m00.0s

running (26m23.0s), 085/200 VUs, 11006 complete and 0 interrupted iterations
students   [  94% ] 085/200 VUs  26m23.0s/28m00.0s

running (26m24.0s), 084/200 VUs, 11010 complete and 0 interrupted iterations
students   [  94% ] 084/200 VUs  26m24.0s/28m00.0s

running (26m25.0s), 083/200 VUs, 11019 complete and 0 interrupted iterations
students   [  94% ] 083/200 VUs  26m25.0s/28m00.0s

running (26m26.0s), 083/200 VUs, 11021 complete and 0 interrupted iterations
students   [  94% ] 083/200 VUs  26m26.0s/28m00.0s

running (26m27.0s), 083/200 VUs, 11021 complete and 0 interrupted iterations
students   [  94% ] 083/200 VUs  26m27.0s/28m00.0s

running (26m28.0s), 083/200 VUs, 11026 complete and 0 interrupted iterations
students   [  95% ] 083/200 VUs  26m28.0s/28m00.0s

running (26m29.0s), 082/200 VUs, 11034 complete and 0 interrupted iterations
students   [  95% ] 082/200 VUs  26m29.0s/28m00.0s

running (26m30.0s), 082/200 VUs, 11037 complete and 0 interrupted iterations
students   [  95% ] 082/200 VUs  26m30.0s/28m00.0s

running (26m31.0s), 082/200 VUs, 11045 complete and 0 interrupted iterations
students   [  95% ] 082/200 VUs  26m31.0s/28m00.0s

running (26m32.0s), 080/200 VUs, 11048 complete and 0 interrupted iterations
students   [  95% ] 080/200 VUs  26m32.0s/28m00.0s

running (26m33.0s), 080/200 VUs, 11057 complete and 0 interrupted iterations
students   [  95% ] 080/200 VUs  26m33.0s/28m00.0s

running (26m34.0s), 077/200 VUs, 11069 complete and 0 interrupted iterations
students   [  95% ] 077/200 VUs  26m34.0s/28m00.0s

running (26m35.0s), 076/200 VUs, 11073 complete and 0 interrupted iterations
students   [  95% ] 076/200 VUs  26m35.0s/28m00.0s

running (26m36.0s), 076/200 VUs, 11078 complete and 0 interrupted iterations
students   [  95% ] 076/200 VUs  26m36.0s/28m00.0s

running (26m37.0s), 074/200 VUs, 11088 complete and 0 interrupted iterations
students   [  95% ] 074/200 VUs  26m37.0s/28m00.0s

running (26m38.0s), 073/200 VUs, 11091 complete and 0 interrupted iterations
students   [  95% ] 073/200 VUs  26m38.0s/28m00.0s

running (26m39.0s), 073/200 VUs, 11094 complete and 0 interrupted iterations
students   [  95% ] 073/200 VUs  26m39.0s/28m00.0s

running (26m40.0s), 073/200 VUs, 11102 complete and 0 interrupted iterations
students   [  95% ] 073/200 VUs  26m40.0s/28m00.0s

running (26m41.0s), 073/200 VUs, 11104 complete and 0 interrupted iterations
students   [  95% ] 073/200 VUs  26m41.0s/28m00.0s

running (26m42.0s), 073/200 VUs, 11104 complete and 0 interrupted iterations
students   [  95% ] 073/200 VUs  26m42.0s/28m00.0s

running (26m43.0s), 073/200 VUs, 11109 complete and 0 interrupted iterations
students   [  95% ] 073/200 VUs  26m43.0s/28m00.0s

running (26m44.0s), 072/200 VUs, 11116 complete and 0 interrupted iterations
students   [  95% ] 072/200 VUs  26m44.0s/28m00.0s

running (26m45.0s), 071/200 VUs, 11119 complete and 0 interrupted iterations
students   [  96% ] 071/200 VUs  26m45.0s/28m00.0s

running (26m46.0s), 069/200 VUs, 11127 complete and 0 interrupted iterations
students   [  96% ] 069/200 VUs  26m46.0s/28m00.0s

running (26m47.0s), 069/200 VUs, 11128 complete and 0 interrupted iterations
students   [  96% ] 069/200 VUs  26m47.0s/28m00.0s

running (26m48.0s), 068/200 VUs, 11137 complete and 0 interrupted iterations
students   [  96% ] 068/200 VUs  26m48.0s/28m00.0s

running (26m49.0s), 064/200 VUs, 11146 complete and 0 interrupted iterations
students   [  96% ] 064/200 VUs  26m49.0s/28m00.0s

running (26m50.0s), 063/200 VUs, 11149 complete and 0 interrupted iterations
students   [  96% ] 063/200 VUs  26m50.0s/28m00.0s

running (26m51.0s), 063/200 VUs, 11154 complete and 0 interrupted iterations
students   [  96% ] 063/200 VUs  26m51.0s/28m00.0s

running (26m52.0s), 063/200 VUs, 11162 complete and 0 interrupted iterations
students   [  96% ] 063/200 VUs  26m52.0s/28m00.0s

running (26m53.0s), 063/200 VUs, 11164 complete and 0 interrupted iterations
students   [  96% ] 063/200 VUs  26m53.0s/28m00.0s

running (26m54.0s), 062/200 VUs, 11167 complete and 0 interrupted iterations
students   [  96% ] 062/200 VUs  26m54.0s/28m00.0s

running (26m55.0s), 061/200 VUs, 11175 complete and 0 interrupted iterations
students   [  96% ] 061/200 VUs  26m55.0s/28m00.0s

running (26m56.0s), 060/200 VUs, 11177 complete and 0 interrupted iterations
students   [  96% ] 060/200 VUs  26m56.0s/28m00.0s

running (26m57.0s), 060/200 VUs, 11177 complete and 0 interrupted iterations
students   [  96% ] 060/200 VUs  26m57.0s/28m00.0s

running (26m58.0s), 058/200 VUs, 11182 complete and 0 interrupted iterations
students   [  96% ] 058/200 VUs  26m58.0s/28m00.0s

running (26m59.0s), 057/200 VUs, 11188 complete and 0 interrupted iterations
students   [  96% ] 057/200 VUs  26m59.0s/28m00.0s

running (27m00.0s), 057/200 VUs, 11190 complete and 0 interrupted iterations
students   [  96% ] 057/200 VUs  27m00.0s/28m00.0s

running (27m01.0s), 057/200 VUs, 11196 complete and 0 interrupted iterations
students   [  96% ] 057/200 VUs  27m01.0s/28m00.0s

running (27m02.0s), 057/200 VUs, 11197 complete and 0 interrupted iterations
students   [  97% ] 057/200 VUs  27m02.0s/28m00.0s

running (27m03.0s), 057/200 VUs, 11205 complete and 0 interrupted iterations
students   [  97% ] 057/200 VUs  27m03.0s/28m00.0s

running (27m04.0s), 056/200 VUs, 11210 complete and 0 interrupted iterations
students   [  97% ] 056/200 VUs  27m04.0s/28m00.0s

running (27m05.0s), 056/200 VUs, 11212 complete and 0 interrupted iterations
students   [  97% ] 056/200 VUs  27m05.0s/28m00.0s

running (27m06.0s), 056/200 VUs, 11217 complete and 0 interrupted iterations
students   [  97% ] 056/200 VUs  27m06.0s/28m00.0s

running (27m07.0s), 052/200 VUs, 11225 complete and 0 interrupted iterations
students   [  97% ] 052/200 VUs  27m07.0s/28m00.0s

running (27m08.0s), 052/200 VUs, 11227 complete and 0 interrupted iterations
students   [  97% ] 052/200 VUs  27m08.0s/28m00.0s

running (27m09.0s), 052/200 VUs, 11229 complete and 0 interrupted iterations
students   [  97% ] 052/200 VUs  27m09.0s/28m00.0s

running (27m10.0s), 048/200 VUs, 11236 complete and 0 interrupted iterations
students   [  97% ] 048/200 VUs  27m10.0s/28m00.0s

running (27m11.0s), 048/200 VUs, 11237 complete and 0 interrupted iterations
students   [  97% ] 048/200 VUs  27m11.0s/28m00.0s

running (27m12.0s), 048/200 VUs, 11237 complete and 0 interrupted iterations
students   [  97% ] 048/200 VUs  27m12.0s/28m00.0s

running (27m13.0s), 048/200 VUs, 11240 complete and 0 interrupted iterations
students   [  97% ] 048/200 VUs  27m13.0s/28m00.0s

running (27m14.0s), 048/200 VUs, 11245 complete and 0 interrupted iterations
students   [  97% ] 048/200 VUs  27m14.0s/28m00.0s

running (27m15.0s), 047/200 VUs, 11247 complete and 0 interrupted iterations
students   [  97% ] 047/200 VUs  27m15.0s/28m00.0s

running (27m16.0s), 045/200 VUs, 11253 complete and 0 interrupted iterations
students   [  97% ] 045/200 VUs  27m16.0s/28m00.0s

running (27m17.0s), 044/200 VUs, 11254 complete and 0 interrupted iterations
students   [  97% ] 044/200 VUs  27m17.0s/28m00.0s

running (27m18.0s), 043/200 VUs, 11262 complete and 0 interrupted iterations
students   [  97% ] 043/200 VUs  27m18.0s/28m00.0s

running (27m19.0s), 042/200 VUs, 11266 complete and 0 interrupted iterations
students   [  98% ] 042/200 VUs  27m19.0s/28m00.0s

running (27m20.0s), 042/200 VUs, 11268 complete and 0 interrupted iterations
students   [  98% ] 042/200 VUs  27m20.0s/28m00.0s

running (27m21.0s), 040/200 VUs, 11273 complete and 0 interrupted iterations
students   [  98% ] 040/200 VUs  27m21.0s/28m00.0s

running (27m22.0s), 038/200 VUs, 11277 complete and 0 interrupted iterations
students   [  98% ] 038/200 VUs  27m22.0s/28m00.0s

running (27m23.0s), 038/200 VUs, 11279 complete and 0 interrupted iterations
students   [  98% ] 038/200 VUs  27m23.0s/28m00.0s

running (27m24.0s), 037/200 VUs, 11281 complete and 0 interrupted iterations
students   [  98% ] 037/200 VUs  27m24.0s/28m00.0s

running (27m25.0s), 034/200 VUs, 11284 complete and 0 interrupted iterations
students   [  98% ] 034/200 VUs  27m25.0s/28m00.0s

running (27m26.0s), 034/200 VUs, 11285 complete and 0 interrupted iterations
students   [  98% ] 034/200 VUs  27m26.0s/28m00.0s

running (27m27.0s), 034/200 VUs, 11285 complete and 0 interrupted iterations
students   [  98% ] 034/200 VUs  27m27.0s/28m00.0s

running (27m28.0s), 034/200 VUs, 11288 complete and 0 interrupted iterations
students   [  98% ] 034/200 VUs  27m28.0s/28m00.0s

running (27m29.0s), 030/200 VUs, 11293 complete and 0 interrupted iterations
students   [  98% ] 030/200 VUs  27m29.0s/28m00.0s

running (27m30.0s), 030/200 VUs, 11294 complete and 0 interrupted iterations
students   [  98% ] 030/200 VUs  27m30.0s/28m00.0s

running (27m31.0s), 029/200 VUs, 11298 complete and 0 interrupted iterations
students   [  98% ] 029/200 VUs  27m31.0s/28m00.0s

running (27m32.0s), 029/200 VUs, 11298 complete and 0 interrupted iterations
students   [  98% ] 029/200 VUs  27m32.0s/28m00.0s

running (27m33.0s), 027/200 VUs, 11305 complete and 0 interrupted iterations
students   [  98% ] 027/200 VUs  27m33.0s/28m00.0s

running (27m34.0s), 026/200 VUs, 11308 complete and 0 interrupted iterations
students   [  98% ] 026/200 VUs  27m34.0s/28m00.0s

running (27m35.0s), 026/200 VUs, 11310 complete and 0 interrupted iterations
students   [  99% ] 026/200 VUs  27m35.0s/28m00.0s

running (27m36.0s), 024/200 VUs, 11313 complete and 0 interrupted iterations
students   [  99% ] 024/200 VUs  27m36.0s/28m00.0s

running (27m37.0s), 024/200 VUs, 11315 complete and 0 interrupted iterations
students   [  99% ] 024/200 VUs  27m37.0s/28m00.0s

running (27m38.0s), 023/200 VUs, 11317 complete and 0 interrupted iterations
students   [  99% ] 023/200 VUs  27m38.0s/28m00.0s

running (27m39.0s), 023/200 VUs, 11318 complete and 0 interrupted iterations
students   [  99% ] 023/200 VUs  27m39.0s/28m00.0s

running (27m40.0s), 023/200 VUs, 11318 complete and 0 interrupted iterations
students   [  99% ] 023/200 VUs  27m40.0s/28m00.0s

running (27m41.0s), 022/200 VUs, 11319 complete and 0 interrupted iterations
students   [  99% ] 022/200 VUs  27m41.0s/28m00.0s

running (27m42.0s), 022/200 VUs, 11319 complete and 0 interrupted iterations
students   [  99% ] 022/200 VUs  27m42.0s/28m00.0s

running (27m43.0s), 019/200 VUs, 11322 complete and 0 interrupted iterations
students   [  99% ] 019/200 VUs  27m43.0s/28m00.0s

running (27m44.0s), 018/200 VUs, 11323 complete and 0 interrupted iterations
students   [  99% ] 018/200 VUs  27m44.0s/28m00.0s

running (27m45.0s), 017/200 VUs, 11324 complete and 0 interrupted iterations
students   [  99% ] 017/200 VUs  27m45.0s/28m00.0s

running (27m46.0s), 016/200 VUs, 11327 complete and 0 interrupted iterations
students   [  99% ] 016/200 VUs  27m46.0s/28m00.0s

running (27m47.0s), 016/200 VUs, 11327 complete and 0 interrupted iterations
students   [  99% ] 016/200 VUs  27m47.0s/28m00.0s

running (27m48.0s), 015/200 VUs, 11332 complete and 0 interrupted iterations
students   [  99% ] 015/200 VUs  27m48.0s/28m00.0s

running (27m49.0s), 013/200 VUs, 11334 complete and 0 interrupted iterations
students   [  99% ] 013/200 VUs  27m49.0s/28m00.0s

running (27m50.0s), 012/200 VUs, 11336 complete and 0 interrupted iterations
students   [  99% ] 012/200 VUs  27m50.0s/28m00.0s

running (27m51.0s), 012/200 VUs, 11337 complete and 0 interrupted iterations
students   [  99% ] 012/200 VUs  27m51.0s/28m00.0s

running (27m52.0s), 010/200 VUs, 11339 complete and 0 interrupted iterations
students   [ 100% ] 010/200 VUs  27m52.0s/28m00.0s

running (27m53.0s), 009/200 VUs, 11340 complete and 0 interrupted iterations
students   [ 100% ] 009/200 VUs  27m53.0s/28m00.0s

running (27m54.0s), 009/200 VUs, 11341 complete and 0 interrupted iterations
students   [ 100% ] 009/200 VUs  27m54.0s/28m00.0s

running (27m55.0s), 009/200 VUs, 11341 complete and 0 interrupted iterations
students   [ 100% ] 009/200 VUs  27m55.0s/28m00.0s

running (27m56.0s), 009/200 VUs, 11341 complete and 0 interrupted iterations
students   [ 100% ] 009/200 VUs  27m56.0s/28m00.0s

running (27m57.0s), 009/200 VUs, 11341 complete and 0 interrupted iterations
students   [ 100% ] 009/200 VUs  27m57.0s/28m00.0s

running (27m58.0s), 009/200 VUs, 11341 complete and 0 interrupted iterations
students   [ 100% ] 009/200 VUs  27m58.0s/28m00.0s

running (27m59.0s), 009/200 VUs, 11341 complete and 0 interrupted iterations
students   [ 100% ] 009/200 VUs  27m59.0s/28m00.0s

running (28m00.0s), 009/200 VUs, 11341 complete and 0 interrupted iterations
students   [ 100% ] 009/200 VUs  28m00.0s/28m00.0s

running (28m01.0s), 007/200 VUs, 11343 complete and 0 interrupted iterations
students ↓ [ 100% ] 009/200 VUs  28m0s

running (28m02.0s), 007/200 VUs, 11343 complete and 0 interrupted iterations
students ↓ [ 100% ] 009/200 VUs  28m0s

running (28m03.0s), 003/200 VUs, 11347 complete and 0 interrupted iterations
students ↓ [ 100% ] 009/200 VUs  28m0s

running (28m04.0s), 003/200 VUs, 11347 complete and 0 interrupted iterations
students ↓ [ 100% ] 009/200 VUs  28m0s

running (28m05.0s), 002/200 VUs, 11348 complete and 0 interrupted iterations
students ↓ [ 100% ] 009/200 VUs  28m0s

running (28m06.0s), 001/200 VUs, 11349 complete and 0 interrupted iterations
students ↓ [ 100% ] 009/200 VUs  28m0s

running (28m07.0s), 001/200 VUs, 11349 complete and 0 interrupted iterations
students ↓ [ 100% ] 009/200 VUs  28m0s

running (28m08.0s), 001/200 VUs, 11349 complete and 0 interrupted iterations
students ↓ [ 100% ] 009/200 VUs  28m0s
=== k6 LMS load test summary ===
diagnostic_completed: {"count":200,"rate":0.11845348449504367}
explain_success: {"count":199,"rate":0.11786121707256846}
fail_diagnostic_start: {"rate":0,"passes":0,"fails":200}
fail_diagnostic_submit: {"rate":0,"passes":0,"fails":200}
fail_learning_chat_start: {"rate":0.005,"passes":1,"fails":199}
fail_login: {"passes":0,"fails":200,"rate":0}
fail_quiz_complete: {"rate":0,"passes":0,"fails":200}
http_429: {"rate":0,"passes":0,"fails":21352}
http_5xx: {"fails":21352,"rate":0,"passes":0}
http_req_duration: {"p(95)":17959.945045000015,"avg":2565.671974162457,"min":218.4628,"med":252.52769999999998,"max":120001.398,"p(90)":5585.544080000003}
http_req_failed: {"rate":0.006784577952461164,"passes":145,"fails":21227}
http_reqs: {"count":21372,"rate":12.657939353140367}
journey_complete: {"count":200,"rate":0.11845348449504367}
journey_started: {"count":200,"rate":0.11845348449504367}
learning_chat_completed: {"count":199,"rate":0.11786121707256846}
quiz_completed: {"count":200,"rate":0.11845348449504367}
scenario_dashboard: {"p(95)":270,"avg":256.935,"min":239,"med":257,"max":286,"p(90)":266}
scenario_diagnostic: {"max":58816,"p(90)":3889.2000000000007,"p(95)":12470.500000000002,"avg":2008.754642857143,"min":230,"med":255}
scenario_learning_chat: {"avg":12002.767178658043,"min":240,"med":263,"max":120003,"p(90)":40583.80000000001,"p(95)":54884.20000000005}
scenario_llm_explain: {"min":861,"med":5342,"max":64087,"p(90)":23184.80000000001,"p(95)":29961.699999999997,"avg":9647.065326633166}
scenario_login: {"avg":745.13,"min":722,"med":737,"max":790,"p(90)":763.3,"p(95)":778.0999999999999}
scenario_non_llm: {"avg":2455.3499737507755,"min":219,"med":253,"max":120003,"p(90)":4611.5999999999985,"p(95)":17362.599999999937}
scenario_quiz: {"avg":5485.9875,"min":240,"med":264,"max":54423,"p(90)":18400.400000000005,"p(95)":30655.24999999994}
vus_max: {"value":200,"min":200,"max":200}

running (28m08.4s), 000/200 VUs, 11350 complete and 0 interrupted iterations
students ✓ [ 100% ] 000/200 VUs  28m0s
